,jurisdicción,región,año,mes,focosCalor,hectareas,incendiosReportados
0,Buenos Aires,Pampeana,2017,1,2844,52324.0,37
1,Buenos Aires,Pampeana,2017,2,672,52324.0,37
2,Buenos Aires,Pampeana,2017,3,597,52324.0,37
3,Buenos Aires,Pampeana,2017,4,494,52324.0,37
4,Buenos Aires,Pampeana,2017,5,353,52324.0,37
5,Buenos Aires,Pampeana,2017,6,415,52324.0,37
6,Buenos Aires,Pampeana,2017,7,449,52324.0,37
7,Buenos Aires,Pampeana,2017,8,564,52324.0,37
8,Buenos Aires,Pampeana,2017,9,603,52324.0,37
9,Buenos Aires,Pampeana,2017,10,481,52324.0,37
10,Buenos Aires,Pampeana,2017,11,465,52324.0,37
11,Buenos Aires,Pampeana,2017,12,580,52324.0,37
12,Catamarca,NOA,2017,1,79,17385.0,167
13,Catamarca,NOA,2017,2,65,17385.0,167
14,Catamarca,NOA,2017,3,6,17385.0,167
15,Catamarca,NOA,2017,4,21,17385.0,167
16,Catamarca,NOA,2017,5,31,17385.0,167
17,Catamarca,NOA,2017,6,24,17385.0,167
18,Catamarca,NOA,2017,7,77,17385.0,167
19,Catamarca,NOA,2017,8,201,17385.0,167
20,Catamarca,NOA,2017,9,180,17385.0,167
21,Catamarca,NOA,2017,10,424,17385.0,167
22,Catamarca,NOA,2017,11,1749,17385.0,167
23,Catamarca,NOA,2017,12,31,17385.0,167
24,Chaco,Norte,2017,1,204,3470.0,18
25,Chaco,Norte,2017,2,204,3470.0,18
26,Chaco,Norte,2017,3,103,3470.0,18
27,Chaco,Norte,2017,4,47,3470.0,18
28,Chaco,Norte,2017,5,31,3470.0,18
29,Chaco,Norte,2017,6,224,3470.0,18
30,Chaco,Norte,2017,7,4155,3470.0,18
31,Chaco,Norte,2017,8,5111,3470.0,18
32,Chaco,Norte,2017,9,1933,3470.0,18
33,Chaco,Norte,2017,10,1739,3470.0,18
34,Chaco,Norte,2017,11,1753,3470.0,18
35,Chaco,Norte,2017,12,1952,3470.0,18
36,Chubut,Patagonia,2017,1,65,2566.0,30
37,Chubut,Patagonia,2017,2,39,2566.0,30
38,Chubut,Patagonia,2017,3,5,2566.0,30
39,Chubut,Patagonia,2017,4,7,2566.0,30
40,Chubut,Patagonia,2017,5,7,2566.0,30
41,Chubut,Patagonia,2017,6,3,2566.0,30
42,Chubut,Patagonia,2017,7,5,2566.0,30
43,Chubut,Patagonia,2017,8,4,2566.0,30
44,Chubut,Patagonia,2017,9,6,2566.0,30
45,Chubut,Patagonia,2017,10,4,2566.0,30
46,Chubut,Patagonia,2017,11,21,2566.0,30
47,Chubut,Patagonia,2017,12,53,2566.0,30
48,CABA,Pampeana,2017,1,0,0.0,0
49,CABA,Pampeana,2017,2,0,0.0,0
50,CABA,Pampeana,2017,3,0,0.0,0
51,CABA,Pampeana,2017,4,0,0.0,0
52,CABA,Pampeana,2017,5,0,0.0,0
53,CABA,Pampeana,2017,6,0,0.0,0
54,CABA,Pampeana,2017,7,0,0.0,0
55,CABA,Pampeana,2017,8,0,0.0,0
56,CABA,Pampeana,2017,9,0,0.0,0
57,CABA,Pampeana,2017,10,0,0.0,0
58,CABA,Pampeana,2017,11,0,0.0,0
59,CABA,Pampeana,2017,12,0,0.0,0
60,Corrientes,NEA,2017,1,150,1443.0,8
61,Corrientes,NEA,2017,2,165,1443.0,8
62,Corrientes,NEA,2017,3,299,1443.0,8
63,Corrientes,NEA,2017,4,310,1443.0,8
64,Corrientes,NEA,2017,5,96,1443.0,8
65,Corrientes,NEA,2017,6,370,1443.0,8
66,Corrientes,NEA,2017,7,3397,1443.0,8
67,Corrientes,NEA,2017,8,3392,1443.0,8
68,Corrientes,NEA,2017,9,576,1443.0,8
69,Corrientes,NEA,2017,10,442,1443.0,8
70,Corrientes,NEA,2017,11,774,1443.0,8
71,Corrientes,NEA,2017,12,1172,1443.0,8
72,Córdoba,Centro,2017,1,84,34010.0,56
73,Córdoba,Centro,2017,2,56,34010.0,56
74,Córdoba,Centro,2017,3,87,34010.0,56
75,Córdoba,Centro,2017,4,98,34010.0,56
76,Córdoba,Centro,2017,5,81,34010.0,56
77,Córdoba,Centro,2017,6,209,34010.0,56
78,Córdoba,Centro,2017,7,614,34010.0,56
79,Córdoba,Centro,2017,8,843,34010.0,56
80,Córdoba,Centro,2017,9,565,34010.0,56
81,Córdoba,Centro,2017,10,621,34010.0,56
82,Córdoba,Centro,2017,11,1286,34010.0,56
83,Córdoba,Centro,2017,12,194,34010.0,56
84,Entre Ríos,NEA,2017,1,44,0.0,0
85,Entre Ríos,NEA,2017,2,18,0.0,0
86,Entre Ríos,NEA,2017,3,66,0.0,0
87,Entre Ríos,NEA,2017,4,137,0.0,0
88,Entre Ríos,NEA,2017,5,52,0.0,0
89,Entre Ríos,NEA,2017,6,100,0.0,0
90,Entre Ríos,NEA,2017,7,290,0.0,0
91,Entre Ríos,NEA,2017,8,180,0.0,0
92,Entre Ríos,NEA,2017,9,90,0.0,0
93,Entre Ríos,NEA,2017,10,105,0.0,0
94,Entre Ríos,NEA,2017,11,236,0.0,0
95,Entre Ríos,NEA,2017,12,449,0.0,0
96,Formosa,Norte,2017,1,856,5362.0,10
97,Formosa,Norte,2017,2,428,5362.0,10
98,Formosa,Norte,2017,3,180,5362.0,10
99,Formosa,Norte,2017,4,99,5362.0,10
100,Formosa,Norte,2017,5,7,5362.0,10
101,Formosa,Norte,2017,6,340,5362.0,10
102,Formosa,Norte,2017,7,3865,5362.0,10
103,Formosa,Norte,2017,8,7437,5362.0,10
104,Formosa,Norte,2017,9,4075,5362.0,10
105,Formosa,Norte,2017,10,2418,5362.0,10
106,Formosa,Norte,2017,11,2075,5362.0,10
107,Formosa,Norte,2017,12,1116,5362.0,10
108,Jujuy,NOA,2017,1,53,1214.0,51
109,Jujuy,NOA,2017,2,29,1214.0,51
110,Jujuy,NOA,2017,3,15,1214.0,51
111,Jujuy,NOA,2017,4,10,1214.0,51
112,Jujuy,NOA,2017,5,12,1214.0,51
113,Jujuy,NOA,2017,6,146,1214.0,51
114,Jujuy,NOA,2017,7,153,1214.0,51
115,Jujuy,NOA,2017,8,266,1214.0,51
116,Jujuy,NOA,2017,9,126,1214.0,51
117,Jujuy,NOA,2017,10,261,1214.0,51
118,Jujuy,NOA,2017,11,195,1214.0,51
119,Jujuy,NOA,2017,12,64,1214.0,51
120,La Pampa,Pampeana,2017,1,19009,552902.0,89
121,La Pampa,Pampeana,2017,2,814,552902.0,89
122,La Pampa,Pampeana,2017,3,741,552902.0,89
123,La Pampa,Pampeana,2017,4,57,552902.0,89
124,La Pampa,Pampeana,2017,5,18,552902.0,89
125,La Pampa,Pampeana,2017,6,46,552902.0,89
126,La Pampa,Pampeana,2017,7,63,552902.0,89
127,La Pampa,Pampeana,2017,8,690,552902.0,89
128,La Pampa,Pampeana,2017,9,336,552902.0,89
129,La Pampa,Pampeana,2017,10,229,552902.0,89
130,La Pampa,Pampeana,2017,11,465,552902.0,89
131,La Pampa,Pampeana,2017,12,1512,552902.0,89
132,La Rioja,Centro,2017,1,94,131535.0,40
133,La Rioja,Centro,2017,2,14,131535.0,40
134,La Rioja,Centro,2017,3,9,131535.0,40
135,La Rioja,Centro,2017,4,18,131535.0,40
136,La Rioja,Centro,2017,5,27,131535.0,40
137,La Rioja,Centro,2017,6,61,131535.0,40
138,La Rioja,Centro,2017,7,64,131535.0,40
139,La Rioja,Centro,2017,8,318,131535.0,40
140,La Rioja,Centro,2017,9,1874,131535.0,40
141,La Rioja,Centro,2017,10,2306,131535.0,40
142,La Rioja,Centro,2017,11,1389,131535.0,40
143,La Rioja,Centro,2017,12,66,131535.0,40
144,Mendoza,Pampeana,2017,1,1903,419147.0,185
145,Mendoza,Pampeana,2017,2,371,419147.0,185
146,Mendoza,Pampeana,2017,3,200,419147.0,185
147,Mendoza,Pampeana,2017,4,90,419147.0,185
148,Mendoza,Pampeana,2017,5,83,419147.0,185
149,Mendoza,Pampeana,2017,6,291,419147.0,185
150,Mendoza,Pampeana,2017,7,493,419147.0,185
151,Mendoza,Pampeana,2017,8,940,419147.0,185
152,Mendoza,Pampeana,2017,9,583,419147.0,185
153,Mendoza,Pampeana,2017,10,433,419147.0,185
154,Mendoza,Pampeana,2017,11,545,419147.0,185
155,Mendoza,Pampeana,2017,12,309,419147.0,185
156,Misiones,NEA,2017,1,99,246.0,21
157,Misiones,NEA,2017,2,109,246.0,21
158,Misiones,NEA,2017,3,140,246.0,21
159,Misiones,NEA,2017,4,97,246.0,21
160,Misiones,NEA,2017,5,16,246.0,21
161,Misiones,NEA,2017,6,244,246.0,21
162,Misiones,NEA,2017,7,1961,246.0,21
163,Misiones,NEA,2017,8,1358,246.0,21
164,Misiones,NEA,2017,9,853,246.0,21
165,Misiones,NEA,2017,10,117,246.0,21
166,Misiones,NEA,2017,11,308,246.0,21
167,Misiones,NEA,2017,12,167,246.0,21
168,Neuquén,Patagonia,2017,1,429,5197.0,34
169,Neuquén,Patagonia,2017,2,286,5197.0,34
170,Neuquén,Patagonia,2017,3,266,5197.0,34
171,Neuquén,Patagonia,2017,4,208,5197.0,34
172,Neuquén,Patagonia,2017,5,121,5197.0,34
173,Neuquén,Patagonia,2017,6,85,5197.0,34
174,Neuquén,Patagonia,2017,7,131,5197.0,34
175,Neuquén,Patagonia,2017,8,197,5197.0,34
176,Neuquén,Patagonia,2017,9,198,5197.0,34
177,Neuquén,Patagonia,2017,10,98,5197.0,34
178,Neuquén,Patagonia,2017,11,176,5197.0,34
179,Neuquén,Patagonia,2017,12,196,5197.0,34
180,Río Negro,Patagonia,2017,1,2936,347344.0,70
181,Río Negro,Patagonia,2017,2,3505,347344.0,70
182,Río Negro,Patagonia,2017,3,574,347344.0,70
183,Río Negro,Patagonia,2017,4,43,347344.0,70
184,Río Negro,Patagonia,2017,5,26,347344.0,70
185,Río Negro,Patagonia,2017,6,55,347344.0,70
186,Río Negro,Patagonia,2017,7,87,347344.0,70
187,Río Negro,Patagonia,2017,8,381,347344.0,70
188,Río Negro,Patagonia,2017,9,310,347344.0,70
189,Río Negro,Patagonia,2017,10,156,347344.0,70
190,Río Negro,Patagonia,2017,11,166,347344.0,70
191,Río Negro,Patagonia,2017,12,1292,347344.0,70
192,Salta,NOA,2017,1,518,7062.0,13
193,Salta,NOA,2017,2,171,7062.0,13
194,Salta,NOA,2017,3,18,7062.0,13
195,Salta,NOA,2017,4,13,7062.0,13
196,Salta,NOA,2017,5,30,7062.0,13
197,Salta,NOA,2017,6,207,7062.0,13
198,Salta,NOA,2017,7,449,7062.0,13
199,Salta,NOA,2017,8,1645,7062.0,13
200,Salta,NOA,2017,9,2901,7062.0,13
201,Salta,NOA,2017,10,2048,7062.0,13
202,Salta,NOA,2017,11,2302,7062.0,13
203,Salta,NOA,2017,12,551,7062.0,13
204,San Juan,Centro,2017,1,266,20056.0,5
205,San Juan,Centro,2017,2,24,20056.0,5
206,San Juan,Centro,2017,3,32,20056.0,5
207,San Juan,Centro,2017,4,16,20056.0,5
208,San Juan,Centro,2017,5,33,20056.0,5
209,San Juan,Centro,2017,6,121,20056.0,5
210,San Juan,Centro,2017,7,138,20056.0,5
211,San Juan,Centro,2017,8,205,20056.0,5
212,San Juan,Centro,2017,9,207,20056.0,5
213,San Juan,Centro,2017,10,233,20056.0,5
214,San Juan,Centro,2017,11,839,20056.0,5
215,San Juan,Centro,2017,12,11,20056.0,5
216,San Luis,Centro,2017,1,1461,86842.0,35
217,San Luis,Centro,2017,2,81,86842.0,35
218,San Luis,Centro,2017,3,72,86842.0,35
219,San Luis,Centro,2017,4,12,86842.0,35
220,San Luis,Centro,2017,5,11,86842.0,35
221,San Luis,Centro,2017,6,96,86842.0,35
222,San Luis,Centro,2017,7,86,86842.0,35
223,San Luis,Centro,2017,8,410,86842.0,35
224,San Luis,Centro,2017,9,436,86842.0,35
225,San Luis,Centro,2017,10,2886,86842.0,35
226,San Luis,Centro,2017,11,473,86842.0,35
227,San Luis,Centro,2017,12,234,86842.0,35
228,Santa Cruz,Patagonia,2017,1,21,472.0,4
229,Santa Cruz,Patagonia,2017,2,29,472.0,4
230,Santa Cruz,Patagonia,2017,3,13,472.0,4
231,Santa Cruz,Patagonia,2017,4,12,472.0,4
232,Santa Cruz,Patagonia,2017,5,10,472.0,4
233,Santa Cruz,Patagonia,2017,6,8,472.0,4
234,Santa Cruz,Patagonia,2017,7,14,472.0,4
235,Santa Cruz,Patagonia,2017,8,10,472.0,4
236,Santa Cruz,Patagonia,2017,9,33,472.0,4
237,Santa Cruz,Patagonia,2017,10,19,472.0,4
238,Santa Cruz,Patagonia,2017,11,11,472.0,4
239,Santa Cruz,Patagonia,2017,12,35,472.0,4
240,Santa Fe,Norte,2017,1,262,0.0,0
241,Santa Fe,Norte,2017,2,204,0.0,0
242,Santa Fe,Norte,2017,3,304,0.0,0
243,Santa Fe,Norte,2017,4,636,0.0,0
244,Santa Fe,Norte,2017,5,384,0.0,0
245,Santa Fe,Norte,2017,6,1350,0.0,0
246,Santa Fe,Norte,2017,7,3316,0.0,0
247,Santa Fe,Norte,2017,8,3792,0.0,0
248,Santa Fe,Norte,2017,9,1815,0.0,0
249,Santa Fe,Norte,2017,10,1256,0.0,0
250,Santa Fe,Norte,2017,11,2308,0.0,0
251,Santa Fe,Norte,2017,12,1855,0.0,0
252,Santiago del Estero,Norte,2017,1,296,7109.0,11
253,Santiago del Estero,Norte,2017,2,133,7109.0,11
254,Santiago del Estero,Norte,2017,3,281,7109.0,11
255,Santiago del Estero,Norte,2017,4,264,7109.0,11
256,Santiago del Estero,Norte,2017,5,198,7109.0,11
257,Santiago del Estero,Norte,2017,6,966,7109.0,11
258,Santiago del Estero,Norte,2017,7,3105,7109.0,11
259,Santiago del Estero,Norte,2017,8,4642,7109.0,11
260,Santiago del Estero,Norte,2017,9,4429,7109.0,11
261,Santiago del Estero,Norte,2017,10,2173,7109.0,11
262,Santiago del Estero,Norte,2017,11,1918,7109.0,11
263,Santiago del Estero,Norte,2017,12,501,7109.0,11
264,Tierra del Fuego,Patagonia,2017,1,4,0.0,0
265,Tierra del Fuego,Patagonia,2017,2,9,0.0,0
266,Tierra del Fuego,Patagonia,2017,3,10,0.0,0
267,Tierra del Fuego,Patagonia,2017,4,2,0.0,0
268,Tierra del Fuego,Patagonia,2017,5,16,0.0,0
269,Tierra del Fuego,Patagonia,2017,6,11,0.0,0
270,Tierra del Fuego,Patagonia,2017,7,7,0.0,0
271,Tierra del Fuego,Patagonia,2017,8,6,0.0,0
272,Tierra del Fuego,Patagonia,2017,9,105,0.0,0
273,Tierra del Fuego,Patagonia,2017,10,0,0.0,0
274,Tierra del Fuego,Patagonia,2017,11,2,0.0,0
275,Tierra del Fuego,Patagonia,2017,12,6,0.0,0
276,Tucumán,NOA,2017,1,44,886.0,11
277,Tucumán,NOA,2017,2,20,886.0,11
278,Tucumán,NOA,2017,3,8,886.0,11
279,Tucumán,NOA,2017,4,3,886.0,11
280,Tucumán,NOA,2017,5,4,886.0,11
281,Tucumán,NOA,2017,6,106,886.0,11
282,Tucumán,NOA,2017,7,570,886.0,11
283,Tucumán,NOA,2017,8,1412,886.0,11
284,Tucumán,NOA,2017,9,1088,886.0,11
285,Tucumán,NOA,2017,10,542,886.0,11
286,Tucumán,NOA,2017,11,152,886.0,11
287,Tucumán,NOA,2017,12,34,886.0,11
288,Buenos Aires,Pampeana,2018,1,864,55036.0,45
289,Buenos Aires,Pampeana,2018,2,2014,55036.0,45
290,Buenos Aires,Pampeana,2018,3,1291,55036.0,45
291,Buenos Aires,Pampeana,2018,4,405,55036.0,45
292,Buenos Aires,Pampeana,2018,5,268,55036.0,45
293,Buenos Aires,Pampeana,2018,6,559,55036.0,45
294,Buenos Aires,Pampeana,2018,7,297,55036.0,45
295,Buenos Aires,Pampeana,2018,8,1154,55036.0,45
296,Buenos Aires,Pampeana,2018,9,898,55036.0,45
297,Buenos Aires,Pampeana,2018,10,582,55036.0,45
298,Buenos Aires,Pampeana,2018,11,391,55036.0,45
299,Buenos Aires,Pampeana,2018,12,440,55036.0,45
300,Catamarca,NOA,2018,1,29,7261.0,146
301,Catamarca,NOA,2018,2,11,7261.0,146
302,Catamarca,NOA,2018,3,36,7261.0,146
303,Catamarca,NOA,2018,4,15,7261.0,146
304,Catamarca,NOA,2018,5,29,7261.0,146
305,Catamarca,NOA,2018,6,86,7261.0,146
306,Catamarca,NOA,2018,7,65,7261.0,146
307,Catamarca,NOA,2018,8,191,7261.0,146
308,Catamarca,NOA,2018,9,382,7261.0,146
309,Catamarca,NOA,2018,10,49,7261.0,146
310,Catamarca,NOA,2018,11,70,7261.0,146
311,Catamarca,NOA,2018,12,30,7261.0,146
312,Chaco,Norte,2018,1,670,3896.0,8
313,Chaco,Norte,2018,2,132,3896.0,8
314,Chaco,Norte,2018,3,179,3896.0,8
315,Chaco,Norte,2018,4,603,3896.0,8
316,Chaco,Norte,2018,5,149,3896.0,8
317,Chaco,Norte,2018,6,348,3896.0,8
318,Chaco,Norte,2018,7,873,3896.0,8
319,Chaco,Norte,2018,8,5448,3896.0,8
320,Chaco,Norte,2018,9,3717,3896.0,8
321,Chaco,Norte,2018,10,564,3896.0,8
322,Chaco,Norte,2018,11,217,3896.0,8
323,Chaco,Norte,2018,12,354,3896.0,8
324,Chubut,Patagonia,2018,1,34,939.0,25
325,Chubut,Patagonia,2018,2,99,939.0,25
326,Chubut,Patagonia,2018,3,15,939.0,25
327,Chubut,Patagonia,2018,4,10,939.0,25
328,Chubut,Patagonia,2018,5,6,939.0,25
329,Chubut,Patagonia,2018,6,12,939.0,25
330,Chubut,Patagonia,2018,7,10,939.0,25
331,Chubut,Patagonia,2018,8,20,939.0,25
332,Chubut,Patagonia,2018,9,2,939.0,25
333,Chubut,Patagonia,2018,10,14,939.0,25
334,Chubut,Patagonia,2018,11,13,939.0,25
335,Chubut,Patagonia,2018,12,11,939.0,25
336,CABA,Pampeana,2018,1,0,0.0,1
337,CABA,Pampeana,2018,2,0,0.0,1
338,CABA,Pampeana,2018,3,1,0.0,1
339,CABA,Pampeana,2018,4,0,0.0,1
340,CABA,Pampeana,2018,5,0,0.0,1
341,CABA,Pampeana,2018,6,1,0.0,1
342,CABA,Pampeana,2018,7,0,0.0,1
343,CABA,Pampeana,2018,8,0,0.0,1
344,CABA,Pampeana,2018,9,0,0.0,1
345,CABA,Pampeana,2018,10,0,0.0,1
346,CABA,Pampeana,2018,11,0,0.0,1
347,CABA,Pampeana,2018,12,0,0.0,1
348,Corrientes,NEA,2018,1,1139,21608.0,15
349,Corrientes,NEA,2018,2,786,21608.0,15
350,Corrientes,NEA,2018,3,1112,21608.0,15
351,Corrientes,NEA,2018,4,873,21608.0,15
352,Corrientes,NEA,2018,5,345,21608.0,15
353,Corrientes,NEA,2018,6,439,21608.0,15
354,Corrientes,NEA,2018,7,726,21608.0,15
355,Corrientes,NEA,2018,8,5159,21608.0,15
356,Corrientes,NEA,2018,9,2319,21608.0,15
357,Corrientes,NEA,2018,10,460,21608.0,15
358,Corrientes,NEA,2018,11,184,21608.0,15
359,Corrientes,NEA,2018,12,174,21608.0,15
360,Córdoba,Centro,2018,1,140,8745.0,50
361,Córdoba,Centro,2018,2,237,8745.0,50
362,Córdoba,Centro,2018,3,441,8745.0,50
363,Córdoba,Centro,2018,4,131,8745.0,50
364,Córdoba,Centro,2018,5,56,8745.0,50
365,Córdoba,Centro,2018,6,145,8745.0,50
366,Córdoba,Centro,2018,7,229,8745.0,50
367,Córdoba,Centro,2018,8,694,8745.0,50
368,Córdoba,Centro,2018,9,529,8745.0,50
369,Córdoba,Centro,2018,10,458,8745.0,50
370,Córdoba,Centro,2018,11,89,8745.0,50
371,Córdoba,Centro,2018,12,92,8745.0,50
372,Entre Ríos,NEA,2018,1,782,673.0,22
373,Entre Ríos,NEA,2018,2,1090,673.0,22
374,Entre Ríos,NEA,2018,3,807,673.0,22
375,Entre Ríos,NEA,2018,4,204,673.0,22
376,Entre Ríos,NEA,2018,5,76,673.0,22
377,Entre Ríos,NEA,2018,6,174,673.0,22
378,Entre Ríos,NEA,2018,7,148,673.0,22
379,Entre Ríos,NEA,2018,8,1459,673.0,22
380,Entre Ríos,NEA,2018,9,1202,673.0,22
381,Entre Ríos,NEA,2018,10,586,673.0,22
382,Entre Ríos,NEA,2018,11,156,673.0,22
383,Entre Ríos,NEA,2018,12,120,673.0,22
384,Formosa,Norte,2018,1,241,3119.0,4
385,Formosa,Norte,2018,2,295,3119.0,4
386,Formosa,Norte,2018,3,91,3119.0,4
387,Formosa,Norte,2018,4,1390,3119.0,4
388,Formosa,Norte,2018,5,900,3119.0,4
389,Formosa,Norte,2018,6,547,3119.0,4
390,Formosa,Norte,2018,7,788,3119.0,4
391,Formosa,Norte,2018,8,10231,3119.0,4
392,Formosa,Norte,2018,9,4946,3119.0,4
393,Formosa,Norte,2018,10,294,3119.0,4
394,Formosa,Norte,2018,11,80,3119.0,4
395,Formosa,Norte,2018,12,341,3119.0,4
396,Jujuy,NOA,2018,1,10,474.0,132
397,Jujuy,NOA,2018,2,20,474.0,132
398,Jujuy,NOA,2018,3,5,474.0,132
399,Jujuy,NOA,2018,4,2,474.0,132
400,Jujuy,NOA,2018,5,15,474.0,132
401,Jujuy,NOA,2018,6,97,474.0,132
402,Jujuy,NOA,2018,7,53,474.0,132
403,Jujuy,NOA,2018,8,174,474.0,132
404,Jujuy,NOA,2018,9,200,474.0,132
405,Jujuy,NOA,2018,10,128,474.0,132
406,Jujuy,NOA,2018,11,59,474.0,132
407,Jujuy,NOA,2018,12,39,474.0,132
408,La Pampa,Pampeana,2018,1,7739,704125.0,150
409,La Pampa,Pampeana,2018,2,2804,704125.0,150
410,La Pampa,Pampeana,2018,3,946,704125.0,150
411,La Pampa,Pampeana,2018,4,208,704125.0,150
412,La Pampa,Pampeana,2018,5,42,704125.0,150
413,La Pampa,Pampeana,2018,6,68,704125.0,150
414,La Pampa,Pampeana,2018,7,127,704125.0,150
415,La Pampa,Pampeana,2018,8,826,704125.0,150
416,La Pampa,Pampeana,2018,9,597,704125.0,150
417,La Pampa,Pampeana,2018,10,314,704125.0,150
418,La Pampa,Pampeana,2018,11,28,704125.0,150
419,La Pampa,Pampeana,2018,12,664,704125.0,150
420,La Rioja,Centro,2018,1,23,1514.0,19
421,La Rioja,Centro,2018,2,29,1514.0,19
422,La Rioja,Centro,2018,3,30,1514.0,19
423,La Rioja,Centro,2018,4,26,1514.0,19
424,La Rioja,Centro,2018,5,74,1514.0,19
425,La Rioja,Centro,2018,6,67,1514.0,19
426,La Rioja,Centro,2018,7,42,1514.0,19
427,La Rioja,Centro,2018,8,151,1514.0,19
428,La Rioja,Centro,2018,9,109,1514.0,19
429,La Rioja,Centro,2018,10,66,1514.0,19
430,La Rioja,Centro,2018,11,41,1514.0,19
431,La Rioja,Centro,2018,12,9,1514.0,19
432,Mendoza,Pampeana,2018,1,4607,75393.0,153
433,Mendoza,Pampeana,2018,2,272,75393.0,153
434,Mendoza,Pampeana,2018,3,250,75393.0,153
435,Mendoza,Pampeana,2018,4,164,75393.0,153
436,Mendoza,Pampeana,2018,5,113,75393.0,153
437,Mendoza,Pampeana,2018,6,175,75393.0,153
438,Mendoza,Pampeana,2018,7,294,75393.0,153
439,Mendoza,Pampeana,2018,8,998,75393.0,153
440,Mendoza,Pampeana,2018,9,840,75393.0,153
441,Mendoza,Pampeana,2018,10,432,75393.0,153
442,Mendoza,Pampeana,2018,11,185,75393.0,153
443,Mendoza,Pampeana,2018,12,311,75393.0,153
444,Misiones,NEA,2018,1,52,323.0,15
445,Misiones,NEA,2018,2,265,323.0,15
446,Misiones,NEA,2018,3,201,323.0,15
447,Misiones,NEA,2018,4,561,323.0,15
448,Misiones,NEA,2018,5,411,323.0,15
449,Misiones,NEA,2018,6,161,323.0,15
450,Misiones,NEA,2018,7,838,323.0,15
451,Misiones,NEA,2018,8,1685,323.0,15
452,Misiones,NEA,2018,9,806,323.0,15
453,Misiones,NEA,2018,10,126,323.0,15
454,Misiones,NEA,2018,11,99,323.0,15
455,Misiones,NEA,2018,12,218,323.0,15
456,Neuquén,Patagonia,2018,1,319,2328.0,37
457,Neuquén,Patagonia,2018,2,204,2328.0,37
458,Neuquén,Patagonia,2018,3,287,2328.0,37
459,Neuquén,Patagonia,2018,4,184,2328.0,37
460,Neuquén,Patagonia,2018,5,128,2328.0,37
461,Neuquén,Patagonia,2018,6,153,2328.0,37
462,Neuquén,Patagonia,2018,7,176,2328.0,37
463,Neuquén,Patagonia,2018,8,491,2328.0,37
464,Neuquén,Patagonia,2018,9,366,2328.0,37
465,Neuquén,Patagonia,2018,10,314,2328.0,37
466,Neuquén,Patagonia,2018,11,259,2328.0,37
467,Neuquén,Patagonia,2018,12,288,2328.0,37
468,Río Negro,Patagonia,2018,1,1290,94805.0,115
469,Río Negro,Patagonia,2018,2,736,94805.0,115
470,Río Negro,Patagonia,2018,3,445,94805.0,115
471,Río Negro,Patagonia,2018,4,186,94805.0,115
472,Río Negro,Patagonia,2018,5,31,94805.0,115
473,Río Negro,Patagonia,2018,6,46,94805.0,115
474,Río Negro,Patagonia,2018,7,46,94805.0,115
475,Río Negro,Patagonia,2018,8,221,94805.0,115
476,Río Negro,Patagonia,2018,9,266,94805.0,115
477,Río Negro,Patagonia,2018,10,111,94805.0,115
478,Río Negro,Patagonia,2018,11,81,94805.0,115
479,Río Negro,Patagonia,2018,12,189,94805.0,115
480,Salta,NOA,2018,1,202,1093.0,133
481,Salta,NOA,2018,2,74,1093.0,133
482,Salta,NOA,2018,3,57,1093.0,133
483,Salta,NOA,2018,4,138,1093.0,133
484,Salta,NOA,2018,5,168,1093.0,133
485,Salta,NOA,2018,6,239,1093.0,133
486,Salta,NOA,2018,7,236,1093.0,133
487,Salta,NOA,2018,8,2244,1093.0,133
488,Salta,NOA,2018,9,3021,1093.0,133
489,Salta,NOA,2018,10,905,1093.0,133
490,Salta,NOA,2018,11,299,1093.0,133
491,Salta,NOA,2018,12,198,1093.0,133
492,San Juan,Centro,2018,1,29,16425.0,41
493,San Juan,Centro,2018,2,27,16425.0,41
494,San Juan,Centro,2018,3,66,16425.0,41
495,San Juan,Centro,2018,4,35,16425.0,41
496,San Juan,Centro,2018,5,51,16425.0,41
497,San Juan,Centro,2018,6,116,16425.0,41
498,San Juan,Centro,2018,7,179,16425.0,41
499,San Juan,Centro,2018,8,279,16425.0,41
500,San Juan,Centro,2018,9,515,16425.0,41
501,San Juan,Centro,2018,10,616,16425.0,41
502,San Juan,Centro,2018,11,102,16425.0,41
503,San Juan,Centro,2018,12,30,16425.0,41
504,San Luis,Centro,2018,1,518,100712.0,54
505,San Luis,Centro,2018,2,213,100712.0,54
506,San Luis,Centro,2018,3,687,100712.0,54
507,San Luis,Centro,2018,4,20,100712.0,54
508,San Luis,Centro,2018,5,142,100712.0,54
509,San Luis,Centro,2018,6,92,100712.0,54
510,San Luis,Centro,2018,7,122,100712.0,54
511,San Luis,Centro,2018,8,1718,100712.0,54
512,San Luis,Centro,2018,9,238,100712.0,54
513,San Luis,Centro,2018,10,886,100712.0,54
514,San Luis,Centro,2018,11,149,100712.0,54
515,San Luis,Centro,2018,12,380,100712.0,54
516,Santa Cruz,Patagonia,2018,1,34,4482.0,6
517,Santa Cruz,Patagonia,2018,2,83,4482.0,6
518,Santa Cruz,Patagonia,2018,3,30,4482.0,6
519,Santa Cruz,Patagonia,2018,4,47,4482.0,6
520,Santa Cruz,Patagonia,2018,5,102,4482.0,6
521,Santa Cruz,Patagonia,2018,6,14,4482.0,6
522,Santa Cruz,Patagonia,2018,7,25,4482.0,6
523,Santa Cruz,Patagonia,2018,8,24,4482.0,6
524,Santa Cruz,Patagonia,2018,9,27,4482.0,6
525,Santa Cruz,Patagonia,2018,10,26,4482.0,6
526,Santa Cruz,Patagonia,2018,11,31,4482.0,6
527,Santa Cruz,Patagonia,2018,12,50,4482.0,6
528,Santa Fe,Norte,2018,1,2364,749.0,7
529,Santa Fe,Norte,2018,2,3206,749.0,7
530,Santa Fe,Norte,2018,3,3597,749.0,7
531,Santa Fe,Norte,2018,4,2423,749.0,7
532,Santa Fe,Norte,2018,5,532,749.0,7
533,Santa Fe,Norte,2018,6,1602,749.0,7
534,Santa Fe,Norte,2018,7,1814,749.0,7
535,Santa Fe,Norte,2018,8,8264,749.0,7
536,Santa Fe,Norte,2018,9,4210,749.0,7
537,Santa Fe,Norte,2018,10,1176,749.0,7
538,Santa Fe,Norte,2018,11,748,749.0,7
539,Santa Fe,Norte,2018,12,817,749.0,7
540,Santiago del Estero,Norte,2018,1,434,105.0,3
541,Santiago del Estero,Norte,2018,2,564,105.0,3
542,Santiago del Estero,Norte,2018,3,970,105.0,3
543,Santiago del Estero,Norte,2018,4,812,105.0,3
544,Santiago del Estero,Norte,2018,5,135,105.0,3
545,Santiago del Estero,Norte,2018,6,485,105.0,3
546,Santiago del Estero,Norte,2018,7,1159,105.0,3
547,Santiago del Estero,Norte,2018,8,5560,105.0,3
548,Santiago del Estero,Norte,2018,9,3565,105.0,3
549,Santiago del Estero,Norte,2018,10,799,105.0,3
550,Santiago del Estero,Norte,2018,11,397,105.0,3
551,Santiago del Estero,Norte,2018,12,259,105.0,3
552,Tierra del Fuego,Patagonia,2018,1,10,0.0,1
553,Tierra del Fuego,Patagonia,2018,2,7,0.0,1
554,Tierra del Fuego,Patagonia,2018,3,15,0.0,1
555,Tierra del Fuego,Patagonia,2018,4,2,0.0,1
556,Tierra del Fuego,Patagonia,2018,5,2,0.0,1
557,Tierra del Fuego,Patagonia,2018,6,8,0.0,1
558,Tierra del Fuego,Patagonia,2018,7,6,0.0,1
559,Tierra del Fuego,Patagonia,2018,8,14,0.0,1
560,Tierra del Fuego,Patagonia,2018,9,13,0.0,1
561,Tierra del Fuego,Patagonia,2018,10,8,0.0,1
562,Tierra del Fuego,Patagonia,2018,11,22,0.0,1
563,Tierra del Fuego,Patagonia,2018,12,9,0.0,1
564,Tucumán,NOA,2018,1,8,6262.0,11
565,Tucumán,NOA,2018,2,11,6262.0,11
566,Tucumán,NOA,2018,3,18,6262.0,11
567,Tucumán,NOA,2018,4,20,6262.0,11
568,Tucumán,NOA,2018,5,33,6262.0,11
569,Tucumán,NOA,2018,6,389,6262.0,11
570,Tucumán,NOA,2018,7,691,6262.0,11
571,Tucumán,NOA,2018,8,2044,6262.0,11
572,Tucumán,NOA,2018,9,1432,6262.0,11
573,Tucumán,NOA,2018,10,206,6262.0,11
574,Tucumán,NOA,2018,11,38,6262.0,11
575,Tucumán,NOA,2018,12,16,6262.0,11
576,Buenos Aires,Pampeana,2019,1,827,24714.0,39
577,Buenos Aires,Pampeana,2019,2,816,24714.0,39
578,Buenos Aires,Pampeana,2019,3,519,24714.0,39
579,Buenos Aires,Pampeana,2019,4,574,24714.0,39
580,Buenos Aires,Pampeana,2019,5,389,24714.0,39
581,Buenos Aires,Pampeana,2019,6,320,24714.0,39
582,Buenos Aires,Pampeana,2019,7,571,24714.0,39
583,Buenos Aires,Pampeana,2019,8,1145,24714.0,39
584,Buenos Aires,Pampeana,2019,9,1473,24714.0,39
585,Buenos Aires,Pampeana,2019,10,492,24714.0,39
586,Buenos Aires,Pampeana,2019,11,479,24714.0,39
587,Buenos Aires,Pampeana,2019,12,681,24714.0,39
588,Catamarca,NOA,2019,1,22,12035.0,318
589,Catamarca,NOA,2019,2,10,12035.0,318
590,Catamarca,NOA,2019,3,26,12035.0,318
591,Catamarca,NOA,2019,4,12,12035.0,318
592,Catamarca,NOA,2019,5,27,12035.0,318
593,Catamarca,NOA,2019,6,58,12035.0,318
594,Catamarca,NOA,2019,7,39,12035.0,318
595,Catamarca,NOA,2019,8,217,12035.0,318
596,Catamarca,NOA,2019,9,252,12035.0,318
597,Catamarca,NOA,2019,10,284,12035.0,318
598,Catamarca,NOA,2019,11,103,12035.0,318
599,Catamarca,NOA,2019,12,117,12035.0,318
600,Chaco,Norte,2019,1,50,3039.0,102
601,Chaco,Norte,2019,2,155,3039.0,102
602,Chaco,Norte,2019,3,234,3039.0,102
603,Chaco,Norte,2019,4,67,3039.0,102
604,Chaco,Norte,2019,5,22,3039.0,102
605,Chaco,Norte,2019,6,286,3039.0,102
606,Chaco,Norte,2019,7,852,3039.0,102
607,Chaco,Norte,2019,8,4114,3039.0,102
608,Chaco,Norte,2019,9,5541,3039.0,102
609,Chaco,Norte,2019,10,2315,3039.0,102
610,Chaco,Norte,2019,11,667,3039.0,102
611,Chaco,Norte,2019,12,898,3039.0,102
612,Chubut,Patagonia,2019,1,129,13289.0,45
613,Chubut,Patagonia,2019,2,574,13289.0,45
614,Chubut,Patagonia,2019,3,15,13289.0,45
615,Chubut,Patagonia,2019,4,17,13289.0,45
616,Chubut,Patagonia,2019,5,12,13289.0,45
617,Chubut,Patagonia,2019,6,7,13289.0,45
618,Chubut,Patagonia,2019,7,12,13289.0,45
619,Chubut,Patagonia,2019,8,36,13289.0,45
620,Chubut,Patagonia,2019,9,27,13289.0,45
621,Chubut,Patagonia,2019,10,32,13289.0,45
622,Chubut,Patagonia,2019,11,52,13289.0,45
623,Chubut,Patagonia,2019,12,8,13289.0,45
624,CABA,Pampeana,2019,1,0,0.0,0
625,CABA,Pampeana,2019,2,0,0.0,0
626,CABA,Pampeana,2019,3,0,0.0,0
627,CABA,Pampeana,2019,4,0,0.0,0
628,CABA,Pampeana,2019,5,0,0.0,0
629,CABA,Pampeana,2019,6,0,0.0,0
630,CABA,Pampeana,2019,7,0,0.0,0
631,CABA,Pampeana,2019,8,0,0.0,0
632,CABA,Pampeana,2019,9,1,0.0,0
633,CABA,Pampeana,2019,10,0,0.0,0
634,CABA,Pampeana,2019,11,0,0.0,0
635,CABA,Pampeana,2019,12,0,0.0,0
636,Corrientes,NEA,2019,1,36,2464.0,21
637,Corrientes,NEA,2019,2,406,2464.0,21
638,Corrientes,NEA,2019,3,865,2464.0,21
639,Corrientes,NEA,2019,4,575,2464.0,21
640,Corrientes,NEA,2019,5,94,2464.0,21
641,Corrientes,NEA,2019,6,505,2464.0,21
642,Corrientes,NEA,2019,7,2569,2464.0,21
643,Corrientes,NEA,2019,8,6516,2464.0,21
644,Corrientes,NEA,2019,9,3815,2464.0,21
645,Corrientes,NEA,2019,10,1086,2464.0,21
646,Corrientes,NEA,2019,11,172,2464.0,21
647,Corrientes,NEA,2019,12,318,2464.0,21
648,Córdoba,Centro,2019,1,74,16602.0,64
649,Córdoba,Centro,2019,2,52,16602.0,64
650,Córdoba,Centro,2019,3,53,16602.0,64
651,Córdoba,Centro,2019,4,48,16602.0,64
652,Córdoba,Centro,2019,5,28,16602.0,64
653,Córdoba,Centro,2019,6,143,16602.0,64
654,Córdoba,Centro,2019,7,191,16602.0,64
655,Córdoba,Centro,2019,8,550,16602.0,64
656,Córdoba,Centro,2019,9,1331,16602.0,64
657,Córdoba,Centro,2019,10,122,16602.0,64
658,Córdoba,Centro,2019,11,257,16602.0,64
659,Córdoba,Centro,2019,12,292,16602.0,64
660,Entre Ríos,NEA,2019,1,7,43.0,4
661,Entre Ríos,NEA,2019,2,56,43.0,4
662,Entre Ríos,NEA,2019,3,139,43.0,4
663,Entre Ríos,NEA,2019,4,83,43.0,4
664,Entre Ríos,NEA,2019,5,33,43.0,4
665,Entre Ríos,NEA,2019,6,42,43.0,4
666,Entre Ríos,NEA,2019,7,174,43.0,4
667,Entre Ríos,NEA,2019,8,372,43.0,4
668,Entre Ríos,NEA,2019,9,735,43.0,4
669,Entre Ríos,NEA,2019,10,4640,43.0,4
670,Entre Ríos,NEA,2019,11,83,43.0,4
671,Entre Ríos,NEA,2019,12,197,43.0,4
672,Formosa,Norte,2019,1,508,14336.0,11
673,Formosa,Norte,2019,2,1673,14336.0,11
674,Formosa,Norte,2019,3,1067,14336.0,11
675,Formosa,Norte,2019,4,76,14336.0,11
676,Formosa,Norte,2019,5,16,14336.0,11
677,Formosa,Norte,2019,6,251,14336.0,11
678,Formosa,Norte,2019,7,900,14336.0,11
679,Formosa,Norte,2019,8,3690,14336.0,11
680,Formosa,Norte,2019,9,6669,14336.0,11
681,Formosa,Norte,2019,10,267,14336.0,11
682,Formosa,Norte,2019,11,1786,14336.0,11
683,Formosa,Norte,2019,12,1553,14336.0,11
684,Jujuy,NOA,2019,1,11,6018.0,236
685,Jujuy,NOA,2019,2,4,6018.0,236
686,Jujuy,NOA,2019,3,4,6018.0,236
687,Jujuy,NOA,2019,4,6,6018.0,236
688,Jujuy,NOA,2019,5,8,6018.0,236
689,Jujuy,NOA,2019,6,61,6018.0,236
690,Jujuy,NOA,2019,7,116,6018.0,236
691,Jujuy,NOA,2019,8,171,6018.0,236
692,Jujuy,NOA,2019,9,234,6018.0,236
693,Jujuy,NOA,2019,10,409,6018.0,236
694,Jujuy,NOA,2019,11,156,6018.0,236
695,Jujuy,NOA,2019,12,81,6018.0,236
696,La Pampa,Pampeana,2019,1,1013,154177.0,91
697,La Pampa,Pampeana,2019,2,1266,154177.0,91
698,La Pampa,Pampeana,2019,3,326,154177.0,91
699,La Pampa,Pampeana,2019,4,183,154177.0,91
700,La Pampa,Pampeana,2019,5,20,154177.0,91
701,La Pampa,Pampeana,2019,6,30,154177.0,91
702,La Pampa,Pampeana,2019,7,95,154177.0,91
703,La Pampa,Pampeana,2019,8,934,154177.0,91
704,La Pampa,Pampeana,2019,9,606,154177.0,91
705,La Pampa,Pampeana,2019,10,215,154177.0,91
706,La Pampa,Pampeana,2019,11,146,154177.0,91
707,La Pampa,Pampeana,2019,12,1052,154177.0,91
708,La Rioja,Centro,2019,1,18,2071.0,150
709,La Rioja,Centro,2019,2,7,2071.0,150
710,La Rioja,Centro,2019,3,12,2071.0,150
711,La Rioja,Centro,2019,4,7,2071.0,150
712,La Rioja,Centro,2019,5,29,2071.0,150
713,La Rioja,Centro,2019,6,86,2071.0,150
714,La Rioja,Centro,2019,7,66,2071.0,150
715,La Rioja,Centro,2019,8,108,2071.0,150
716,La Rioja,Centro,2019,9,72,2071.0,150
717,La Rioja,Centro,2019,10,271,2071.0,150
718,La Rioja,Centro,2019,11,61,2071.0,150
719,La Rioja,Centro,2019,12,76,2071.0,150
720,Mendoza,Pampeana,2019,1,250,65022.0,91
721,Mendoza,Pampeana,2019,2,545,65022.0,91
722,Mendoza,Pampeana,2019,3,127,65022.0,91
723,Mendoza,Pampeana,2019,4,171,65022.0,91
724,Mendoza,Pampeana,2019,5,70,65022.0,91
725,Mendoza,Pampeana,2019,6,169,65022.0,91
726,Mendoza,Pampeana,2019,7,487,65022.0,91
727,Mendoza,Pampeana,2019,8,544,65022.0,91
728,Mendoza,Pampeana,2019,9,512,65022.0,91
729,Mendoza,Pampeana,2019,10,486,65022.0,91
730,Mendoza,Pampeana,2019,11,118,65022.0,91
731,Mendoza,Pampeana,2019,12,240,65022.0,91
732,Misiones,NEA,2019,1,118,1049.0,43
733,Misiones,NEA,2019,2,208,1049.0,43
734,Misiones,NEA,2019,3,308,1049.0,43
735,Misiones,NEA,2019,4,191,1049.0,43
736,Misiones,NEA,2019,5,26,1049.0,43
737,Misiones,NEA,2019,6,262,1049.0,43
738,Misiones,NEA,2019,7,322,1049.0,43
739,Misiones,NEA,2019,8,2398,1049.0,43
740,Misiones,NEA,2019,9,908,1049.0,43
741,Misiones,NEA,2019,10,479,1049.0,43
742,Misiones,NEA,2019,11,189,1049.0,43
743,Misiones,NEA,2019,12,143,1049.0,43
744,Neuquén,Patagonia,2019,1,343,21614.0,47
745,Neuquén,Patagonia,2019,2,353,21614.0,47
746,Neuquén,Patagonia,2019,3,67,21614.0,47
747,Neuquén,Patagonia,2019,4,539,21614.0,47
748,Neuquén,Patagonia,2019,5,65,21614.0,47
749,Neuquén,Patagonia,2019,6,16,21614.0,47
750,Neuquén,Patagonia,2019,7,34,21614.0,47
751,Neuquén,Patagonia,2019,8,91,21614.0,47
752,Neuquén,Patagonia,2019,9,769,21614.0,47
753,Neuquén,Patagonia,2019,10,479,21614.0,47
754,Neuquén,Patagonia,2019,11,560,21614.0,47
755,Neuquén,Patagonia,2019,12,956,21614.0,47
756,Río Negro,Patagonia,2019,1,612,99601.0,122
757,Río Negro,Patagonia,2019,2,1279,99601.0,122
758,Río Negro,Patagonia,2019,3,845,99601.0,122
759,Río Negro,Patagonia,2019,4,307,99601.0,122
760,Río Negro,Patagonia,2019,5,50,99601.0,122
761,Río Negro,Patagonia,2019,6,36,99601.0,122
762,Río Negro,Patagonia,2019,7,189,99601.0,122
763,Río Negro,Patagonia,2019,8,263,99601.0,122
764,Río Negro,Patagonia,2019,9,384,99601.0,122
765,Río Negro,Patagonia,2019,10,146,99601.0,122
766,Río Negro,Patagonia,2019,11,163,99601.0,122
767,Río Negro,Patagonia,2019,12,392,99601.0,122
768,Salta,NOA,2019,1,94,2254.0,9
769,Salta,NOA,2019,2,24,2254.0,9
770,Salta,NOA,2019,3,28,2254.0,9
771,Salta,NOA,2019,4,22,2254.0,9
772,Salta,NOA,2019,5,21,2254.0,9
773,Salta,NOA,2019,6,111,2254.0,9
774,Salta,NOA,2019,7,375,2254.0,9
775,Salta,NOA,2019,8,1806,2254.0,9
776,Salta,NOA,2019,9,3712,2254.0,9
777,Salta,NOA,2019,10,2481,2254.0,9
778,Salta,NOA,2019,11,1167,2254.0,9
779,Salta,NOA,2019,12,522,2254.0,9
780,San Juan,Centro,2019,1,50,667.0,3
781,San Juan,Centro,2019,2,13,667.0,3
782,San Juan,Centro,2019,3,21,667.0,3
783,San Juan,Centro,2019,4,40,667.0,3
784,San Juan,Centro,2019,5,44,667.0,3
785,San Juan,Centro,2019,6,69,667.0,3
786,San Juan,Centro,2019,7,173,667.0,3
787,San Juan,Centro,2019,8,235,667.0,3
788,San Juan,Centro,2019,9,315,667.0,3
789,San Juan,Centro,2019,10,71,667.0,3
790,San Juan,Centro,2019,11,61,667.0,3
791,San Juan,Centro,2019,12,111,667.0,3
792,San Luis,Centro,2019,1,36,32278.0,36
793,San Luis,Centro,2019,2,50,32278.0,36
794,San Luis,Centro,2019,3,328,32278.0,36
795,San Luis,Centro,2019,4,19,32278.0,36
796,San Luis,Centro,2019,5,12,32278.0,36
797,San Luis,Centro,2019,6,30,32278.0,36
798,San Luis,Centro,2019,7,115,32278.0,36
799,San Luis,Centro,2019,8,695,32278.0,36
800,San Luis,Centro,2019,9,355,32278.0,36
801,San Luis,Centro,2019,10,277,32278.0,36
802,San Luis,Centro,2019,11,441,32278.0,36
803,San Luis,Centro,2019,12,223,32278.0,36
804,Santa Cruz,Patagonia,2019,1,43,3845.0,10
805,Santa Cruz,Patagonia,2019,2,108,3845.0,10
806,Santa Cruz,Patagonia,2019,3,29,3845.0,10
807,Santa Cruz,Patagonia,2019,4,17,3845.0,10
808,Santa Cruz,Patagonia,2019,5,16,3845.0,10
809,Santa Cruz,Patagonia,2019,6,15,3845.0,10
810,Santa Cruz,Patagonia,2019,7,21,3845.0,10
811,Santa Cruz,Patagonia,2019,8,40,3845.0,10
812,Santa Cruz,Patagonia,2019,9,25,3845.0,10
813,Santa Cruz,Patagonia,2019,10,72,3845.0,10
814,Santa Cruz,Patagonia,2019,11,48,3845.0,10
815,Santa Cruz,Patagonia,2019,12,15,3845.0,10
816,Santa Fe,Norte,2019,1,63,116.0,19
817,Santa Fe,Norte,2019,2,252,116.0,19
818,Santa Fe,Norte,2019,3,285,116.0,19
819,Santa Fe,Norte,2019,4,331,116.0,19
820,Santa Fe,Norte,2019,5,172,116.0,19
821,Santa Fe,Norte,2019,6,508,116.0,19
822,Santa Fe,Norte,2019,7,1428,116.0,19
823,Santa Fe,Norte,2019,8,4702,116.0,19
824,Santa Fe,Norte,2019,9,4670,116.0,19
825,Santa Fe,Norte,2019,10,1263,116.0,19
826,Santa Fe,Norte,2019,11,604,116.0,19
827,Santa Fe,Norte,2019,12,744,116.0,19
828,Santiago del Estero,Norte,2019,1,79,3980.0,32
829,Santiago del Estero,Norte,2019,2,145,3980.0,32
830,Santiago del Estero,Norte,2019,3,111,3980.0,32
831,Santiago del Estero,Norte,2019,4,62,3980.0,32
832,Santiago del Estero,Norte,2019,5,71,3980.0,32
833,Santiago del Estero,Norte,2019,6,310,3980.0,32
834,Santiago del Estero,Norte,2019,7,1302,3980.0,32
835,Santiago del Estero,Norte,2019,8,4815,3980.0,32
836,Santiago del Estero,Norte,2019,9,5413,3980.0,32
837,Santiago del Estero,Norte,2019,10,2660,3980.0,32
838,Santiago del Estero,Norte,2019,11,542,3980.0,32
839,Santiago del Estero,Norte,2019,12,466,3980.0,32
840,Tierra del Fuego,Patagonia,2019,1,4,189.0,7
841,Tierra del Fuego,Patagonia,2019,2,13,189.0,7
842,Tierra del Fuego,Patagonia,2019,3,5,189.0,7
843,Tierra del Fuego,Patagonia,2019,4,4,189.0,7
844,Tierra del Fuego,Patagonia,2019,5,18,189.0,7
845,Tierra del Fuego,Patagonia,2019,6,20,189.0,7
846,Tierra del Fuego,Patagonia,2019,7,20,189.0,7
847,Tierra del Fuego,Patagonia,2019,8,54,189.0,7
848,Tierra del Fuego,Patagonia,2019,9,2,189.0,7
849,Tierra del Fuego,Patagonia,2019,10,3,189.0,7
850,Tierra del Fuego,Patagonia,2019,11,32,189.0,7
851,Tierra del Fuego,Patagonia,2019,12,3,189.0,7
852,Tucumán,NOA,2019,1,6,494.0,3
853,Tucumán,NOA,2019,2,11,494.0,3
854,Tucumán,NOA,2019,3,0,494.0,3
855,Tucumán,NOA,2019,4,3,494.0,3
856,Tucumán,NOA,2019,5,9,494.0,3
857,Tucumán,NOA,2019,6,73,494.0,3
858,Tucumán,NOA,2019,7,333,494.0,3
859,Tucumán,NOA,2019,8,929,494.0,3
860,Tucumán,NOA,2019,9,1010,494.0,3
861,Tucumán,NOA,2019,10,591,494.0,3
862,Tucumán,NOA,2019,11,56,494.0,3
863,Tucumán,NOA,2019,12,92,494.0,3
864,Buenos Aires,Pampeana,2020,1,522,4643.0,62
865,Buenos Aires,Pampeana,2020,2,620,4643.0,62
866,Buenos Aires,Pampeana,2020,3,457,4643.0,62
867,Buenos Aires,Pampeana,2020,4,470,4643.0,62
868,Buenos Aires,Pampeana,2020,5,483,4643.0,62
869,Buenos Aires,Pampeana,2020,6,454,4643.0,62
870,Buenos Aires,Pampeana,2020,7,897,4643.0,62
871,Buenos Aires,Pampeana,2020,8,2106,4643.0,62
872,Buenos Aires,Pampeana,2020,9,1755,4643.0,62
873,Buenos Aires,Pampeana,2020,10,826,4643.0,62
874,Buenos Aires,Pampeana,2020,11,696,4643.0,62
875,Buenos Aires,Pampeana,2020,12,837,4643.0,62
876,Catamarca,NOA,2020,1,22,30612.0,164
877,Catamarca,NOA,2020,2,19,30612.0,164
878,Catamarca,NOA,2020,3,105,30612.0,164
879,Catamarca,NOA,2020,4,13,30612.0,164
880,Catamarca,NOA,2020,5,43,30612.0,164
881,Catamarca,NOA,2020,6,120,30612.0,164
882,Catamarca,NOA,2020,7,227,30612.0,164
883,Catamarca,NOA,2020,8,973,30612.0,164
884,Catamarca,NOA,2020,9,292,30612.0,164
885,Catamarca,NOA,2020,10,318,30612.0,164
886,Catamarca,NOA,2020,11,134,30612.0,164
887,Catamarca,NOA,2020,12,72,30612.0,164
888,Chaco,Norte,2020,1,415,27882.0,215
889,Chaco,Norte,2020,2,953,27882.0,215
890,Chaco,Norte,2020,3,3129,27882.0,215
891,Chaco,Norte,2020,4,2297,27882.0,215
892,Chaco,Norte,2020,5,1585,27882.0,215
893,Chaco,Norte,2020,6,2761,27882.0,215
894,Chaco,Norte,2020,7,4060,27882.0,215
895,Chaco,Norte,2020,8,12880,27882.0,215
896,Chaco,Norte,2020,9,11064,27882.0,215
897,Chaco,Norte,2020,10,6365,27882.0,215
898,Chaco,Norte,2020,11,2187,27882.0,215
899,Chaco,Norte,2020,12,682,27882.0,215
900,Chubut,Patagonia,2020,1,27,6293.0,46
901,Chubut,Patagonia,2020,2,119,6293.0,46
902,Chubut,Patagonia,2020,3,40,6293.0,46
903,Chubut,Patagonia,2020,4,9,6293.0,46
904,Chubut,Patagonia,2020,5,11,6293.0,46
905,Chubut,Patagonia,2020,6,2,6293.0,46
906,Chubut,Patagonia,2020,7,3,6293.0,46
907,Chubut,Patagonia,2020,8,19,6293.0,46
908,Chubut,Patagonia,2020,9,14,6293.0,46
909,Chubut,Patagonia,2020,10,69,6293.0,46
910,Chubut,Patagonia,2020,11,18,6293.0,46
911,Chubut,Patagonia,2020,12,27,6293.0,46
912,CABA,Pampeana,2020,1,0,1.0,1
913,CABA,Pampeana,2020,2,3,1.0,1
914,CABA,Pampeana,2020,3,0,1.0,1
915,CABA,Pampeana,2020,4,0,1.0,1
916,CABA,Pampeana,2020,5,0,1.0,1
917,CABA,Pampeana,2020,6,0,1.0,1
918,CABA,Pampeana,2020,7,0,1.0,1
919,CABA,Pampeana,2020,8,0,1.0,1
920,CABA,Pampeana,2020,9,0,1.0,1
921,CABA,Pampeana,2020,10,0,1.0,1
922,CABA,Pampeana,2020,11,2,1.0,1
923,CABA,Pampeana,2020,12,0,1.0,1
924,Corrientes,NEA,2020,1,463,45374.0,58
925,Corrientes,NEA,2020,2,1567,45374.0,58
926,Corrientes,NEA,2020,3,2415,45374.0,58
927,Corrientes,NEA,2020,4,4140,45374.0,58
928,Corrientes,NEA,2020,5,2531,45374.0,58
929,Corrientes,NEA,2020,6,2222,45374.0,58
930,Corrientes,NEA,2020,7,4228,45374.0,58
931,Corrientes,NEA,2020,8,13705,45374.0,58
932,Corrientes,NEA,2020,9,4638,45374.0,58
933,Corrientes,NEA,2020,10,2268,45374.0,58
934,Corrientes,NEA,2020,11,3411,45374.0,58
935,Corrientes,NEA,2020,12,249,45374.0,58
936,Córdoba,Centro,2020,1,305,153595.0,96
937,Córdoba,Centro,2020,2,109,153595.0,96
938,Córdoba,Centro,2020,3,115,153595.0,96
939,Córdoba,Centro,2020,4,197,153595.0,96
940,Córdoba,Centro,2020,5,628,153595.0,96
941,Córdoba,Centro,2020,6,301,153595.0,96
942,Córdoba,Centro,2020,7,567,153595.0,96
943,Córdoba,Centro,2020,8,2916,153595.0,96
944,Córdoba,Centro,2020,9,5786,153595.0,96
945,Córdoba,Centro,2020,10,4204,153595.0,96
946,Córdoba,Centro,2020,11,540,153595.0,96
947,Córdoba,Centro,2020,12,202,153595.0,96
948,Entre Ríos,NEA,2020,1,140,12768.0,29
949,Entre Ríos,NEA,2020,2,602,12768.0,29
950,Entre Ríos,NEA,2020,3,690,12768.0,29
951,Entre Ríos,NEA,2020,4,721,12768.0,29
952,Entre Ríos,NEA,2020,5,1257,12768.0,29
953,Entre Ríos,NEA,2020,6,1387,12768.0,29
954,Entre Ríos,NEA,2020,7,6582,12768.0,29
955,Entre Ríos,NEA,2020,8,15842,12768.0,29
956,Entre Ríos,NEA,2020,9,5075,12768.0,29
957,Entre Ríos,NEA,2020,10,2926,12768.0,29
958,Entre Ríos,NEA,2020,11,2094,12768.0,29
959,Entre Ríos,NEA,2020,12,777,12768.0,29
960,Formosa,Norte,2020,1,1368,30317.0,14
961,Formosa,Norte,2020,2,2522,30317.0,14
962,Formosa,Norte,2020,3,8229,30317.0,14
963,Formosa,Norte,2020,4,4440,30317.0,14
964,Formosa,Norte,2020,5,3343,30317.0,14
965,Formosa,Norte,2020,6,2455,30317.0,14
966,Formosa,Norte,2020,7,4496,30317.0,14
967,Formosa,Norte,2020,8,18177,30317.0,14
968,Formosa,Norte,2020,9,12162,30317.0,14
969,Formosa,Norte,2020,10,17081,30317.0,14
970,Formosa,Norte,2020,11,2995,30317.0,14
971,Formosa,Norte,2020,12,328,30317.0,14
972,Jujuy,NOA,2020,1,19,37805.0,207
973,Jujuy,NOA,2020,2,4,37805.0,207
974,Jujuy,NOA,2020,3,9,37805.0,207
975,Jujuy,NOA,2020,4,5,37805.0,207
976,Jujuy,NOA,2020,5,27,37805.0,207
977,Jujuy,NOA,2020,6,87,37805.0,207
978,Jujuy,NOA,2020,7,129,37805.0,207
979,Jujuy,NOA,2020,8,262,37805.0,207
980,Jujuy,NOA,2020,9,419,37805.0,207
981,Jujuy,NOA,2020,10,1634,37805.0,207
982,Jujuy,NOA,2020,11,1401,37805.0,207
983,Jujuy,NOA,2020,12,29,37805.0,207
984,La Pampa,Pampeana,2020,1,19,42329.0,48
985,La Pampa,Pampeana,2020,2,104,42329.0,48
986,La Pampa,Pampeana,2020,3,87,42329.0,48
987,La Pampa,Pampeana,2020,4,98,42329.0,48
988,La Pampa,Pampeana,2020,5,70,42329.0,48
989,La Pampa,Pampeana,2020,6,41,42329.0,48
990,La Pampa,Pampeana,2020,7,62,42329.0,48
991,La Pampa,Pampeana,2020,8,719,42329.0,48
992,La Pampa,Pampeana,2020,9,369,42329.0,48
993,La Pampa,Pampeana,2020,10,78,42329.0,48
994,La Pampa,Pampeana,2020,11,87,42329.0,48
995,La Pampa,Pampeana,2020,12,699,42329.0,48
996,La Rioja,Centro,2020,1,57,2397.0,126
997,La Rioja,Centro,2020,2,34,2397.0,126
998,La Rioja,Centro,2020,3,21,2397.0,126
999,La Rioja,Centro,2020,4,18,2397.0,126
1000,La Rioja,Centro,2020,5,19,2397.0,126
1001,La Rioja,Centro,2020,6,55,2397.0,126
1002,La Rioja,Centro,2020,7,121,2397.0,126
1003,La Rioja,Centro,2020,8,359,2397.0,126
1004,La Rioja,Centro,2020,9,160,2397.0,126
1005,La Rioja,Centro,2020,10,263,2397.0,126
1006,La Rioja,Centro,2020,11,177,2397.0,126
1007,La Rioja,Centro,2020,12,56,2397.0,126
1008,Mendoza,Pampeana,2020,1,195,33345.0,89
1009,Mendoza,Pampeana,2020,2,202,33345.0,89
1010,Mendoza,Pampeana,2020,3,113,33345.0,89
1011,Mendoza,Pampeana,2020,4,76,33345.0,89
1012,Mendoza,Pampeana,2020,5,161,33345.0,89
1013,Mendoza,Pampeana,2020,6,141,33345.0,89
1014,Mendoza,Pampeana,2020,7,123,33345.0,89
1015,Mendoza,Pampeana,2020,8,555,33345.0,89
1016,Mendoza,Pampeana,2020,9,594,33345.0,89
1017,Mendoza,Pampeana,2020,10,351,33345.0,89
1018,Mendoza,Pampeana,2020,11,150,33345.0,89
1019,Mendoza,Pampeana,2020,12,304,33345.0,89
1020,Misiones,NEA,2020,1,69,2200.0,71
1021,Misiones,NEA,2020,2,177,2200.0,71
1022,Misiones,NEA,2020,3,422,2200.0,71
1023,Misiones,NEA,2020,4,590,2200.0,71
1024,Misiones,NEA,2020,5,253,2200.0,71
1025,Misiones,NEA,2020,6,477,2200.0,71
1026,Misiones,NEA,2020,7,415,2200.0,71
1027,Misiones,NEA,2020,8,2294,2200.0,71
1028,Misiones,NEA,2020,9,976,2200.0,71
1029,Misiones,NEA,2020,10,410,2200.0,71
1030,Misiones,NEA,2020,11,1142,2200.0,71
1031,Misiones,NEA,2020,12,229,2200.0,71
1032,Neuquén,Patagonia,2020,1,862,25878.0,61
1033,Neuquén,Patagonia,2020,2,704,25878.0,61
1034,Neuquén,Patagonia,2020,3,757,25878.0,61
1035,Neuquén,Patagonia,2020,4,918,25878.0,61
1036,Neuquén,Patagonia,2020,5,248,25878.0,61
1037,Neuquén,Patagonia,2020,6,232,25878.0,61
1038,Neuquén,Patagonia,2020,7,116,25878.0,61
1039,Neuquén,Patagonia,2020,8,511,25878.0,61
1040,Neuquén,Patagonia,2020,9,259,25878.0,61
1041,Neuquén,Patagonia,2020,10,614,25878.0,61
1042,Neuquén,Patagonia,2020,11,441,25878.0,61
1043,Neuquén,Patagonia,2020,12,692,25878.0,61
1044,Río Negro,Patagonia,2020,1,979,44540.0,79
1045,Río Negro,Patagonia,2020,2,625,44540.0,79
1046,Río Negro,Patagonia,2020,3,360,44540.0,79
1047,Río Negro,Patagonia,2020,4,246,44540.0,79
1048,Río Negro,Patagonia,2020,5,162,44540.0,79
1049,Río Negro,Patagonia,2020,6,108,44540.0,79
1050,Río Negro,Patagonia,2020,7,48,44540.0,79
1051,Río Negro,Patagonia,2020,8,320,44540.0,79
1052,Río Negro,Patagonia,2020,9,345,44540.0,79
1053,Río Negro,Patagonia,2020,10,214,44540.0,79
1054,Río Negro,Patagonia,2020,11,91,44540.0,79
1055,Río Negro,Patagonia,2020,12,395,44540.0,79
1056,Salta,NOA,2020,1,376,71870.0,100
1057,Salta,NOA,2020,2,225,71870.0,100
1058,Salta,NOA,2020,3,81,71870.0,100
1059,Salta,NOA,2020,4,79,71870.0,100
1060,Salta,NOA,2020,5,105,71870.0,100
1061,Salta,NOA,2020,6,306,71870.0,100
1062,Salta,NOA,2020,7,984,71870.0,100
1063,Salta,NOA,2020,8,2186,71870.0,100
1064,Salta,NOA,2020,9,4045,71870.0,100
1065,Salta,NOA,2020,10,5980,71870.0,100
1066,Salta,NOA,2020,11,2525,71870.0,100
1067,Salta,NOA,2020,12,649,71870.0,100
1068,San Juan,Centro,2020,1,55,0.0,1
1069,San Juan,Centro,2020,2,37,0.0,1
1070,San Juan,Centro,2020,3,27,0.0,1
1071,San Juan,Centro,2020,4,51,0.0,1
1072,San Juan,Centro,2020,5,83,0.0,1
1073,San Juan,Centro,2020,6,66,0.0,1
1074,San Juan,Centro,2020,7,95,0.0,1
1075,San Juan,Centro,2020,8,418,0.0,1
1076,San Juan,Centro,2020,9,219,0.0,1
1077,San Juan,Centro,2020,10,176,0.0,1
1078,San Juan,Centro,2020,11,228,0.0,1
1079,San Juan,Centro,2020,12,117,0.0,1
1080,San Luis,Centro,2020,1,145,57199.0,29
1081,San Luis,Centro,2020,2,69,57199.0,29
1082,San Luis,Centro,2020,3,338,57199.0,29
1083,San Luis,Centro,2020,4,7,57199.0,29
1084,San Luis,Centro,2020,5,160,57199.0,29
1085,San Luis,Centro,2020,6,37,57199.0,29
1086,San Luis,Centro,2020,7,79,57199.0,29
1087,San Luis,Centro,2020,8,481,57199.0,29
1088,San Luis,Centro,2020,9,2178,57199.0,29
1089,San Luis,Centro,2020,10,2168,57199.0,29
1090,San Luis,Centro,2020,11,1585,57199.0,29
1091,San Luis,Centro,2020,12,750,57199.0,29
1092,Santa Cruz,Patagonia,2020,1,33,302.0,7
1093,Santa Cruz,Patagonia,2020,2,11,302.0,7
1094,Santa Cruz,Patagonia,2020,3,23,302.0,7
1095,Santa Cruz,Patagonia,2020,4,38,302.0,7
1096,Santa Cruz,Patagonia,2020,5,9,302.0,7
1097,Santa Cruz,Patagonia,2020,6,7,302.0,7
1098,Santa Cruz,Patagonia,2020,7,7,302.0,7
1099,Santa Cruz,Patagonia,2020,8,13,302.0,7
1100,Santa Cruz,Patagonia,2020,9,16,302.0,7
1101,Santa Cruz,Patagonia,2020,10,20,302.0,7
1102,Santa Cruz,Patagonia,2020,11,14,302.0,7
1103,Santa Cruz,Patagonia,2020,12,13,302.0,7
1104,Santa Fe,Norte,2020,1,851,315640.0,82
1105,Santa Fe,Norte,2020,2,2580,315640.0,82
1106,Santa Fe,Norte,2020,3,4459,315640.0,82
1107,Santa Fe,Norte,2020,4,5348,315640.0,82
1108,Santa Fe,Norte,2020,5,6277,315640.0,82
1109,Santa Fe,Norte,2020,6,3928,315640.0,82
1110,Santa Fe,Norte,2020,7,10957,315640.0,82
1111,Santa Fe,Norte,2020,8,21846,315640.0,82
1112,Santa Fe,Norte,2020,9,13475,315640.0,82
1113,Santa Fe,Norte,2020,10,4937,315640.0,82
1114,Santa Fe,Norte,2020,11,2631,315640.0,82
1115,Santa Fe,Norte,2020,12,1448,315640.0,82
1116,Santiago del Estero,Norte,2020,1,486,28978.0,38
1117,Santiago del Estero,Norte,2020,2,443,28978.0,38
1118,Santiago del Estero,Norte,2020,3,938,28978.0,38
1119,Santiago del Estero,Norte,2020,4,825,28978.0,38
1120,Santiago del Estero,Norte,2020,5,1611,28978.0,38
1121,Santiago del Estero,Norte,2020,6,1542,28978.0,38
1122,Santiago del Estero,Norte,2020,7,3654,28978.0,38
1123,Santiago del Estero,Norte,2020,8,7360,28978.0,38
1124,Santiago del Estero,Norte,2020,9,7421,28978.0,38
1125,Santiago del Estero,Norte,2020,10,2711,28978.0,38
1126,Santiago del Estero,Norte,2020,11,1730,28978.0,38
1127,Santiago del Estero,Norte,2020,12,740,28978.0,38
1128,Tierra del Fuego,Patagonia,2020,1,1,1.0,2
1129,Tierra del Fuego,Patagonia,2020,2,2,1.0,2
1130,Tierra del Fuego,Patagonia,2020,3,4,1.0,2
1131,Tierra del Fuego,Patagonia,2020,4,3,1.0,2
1132,Tierra del Fuego,Patagonia,2020,5,0,1.0,2
1133,Tierra del Fuego,Patagonia,2020,6,3,1.0,2
1134,Tierra del Fuego,Patagonia,2020,7,2,1.0,2
1135,Tierra del Fuego,Patagonia,2020,8,3,1.0,2
1136,Tierra del Fuego,Patagonia,2020,9,0,1.0,2
1137,Tierra del Fuego,Patagonia,2020,10,2,1.0,2
1138,Tierra del Fuego,Patagonia,2020,11,5,1.0,2
1139,Tierra del Fuego,Patagonia,2020,12,15,1.0,2
1140,Tucumán,NOA,2020,1,22,10190.0,118
1141,Tucumán,NOA,2020,2,23,10190.0,118
1142,Tucumán,NOA,2020,3,35,10190.0,118
1143,Tucumán,NOA,2020,4,32,10190.0,118
1144,Tucumán,NOA,2020,5,183,10190.0,118
1145,Tucumán,NOA,2020,6,373,10190.0,118
1146,Tucumán,NOA,2020,7,1538,10190.0,118
1147,Tucumán,NOA,2020,8,2254,10190.0,118
1148,Tucumán,NOA,2020,9,1729,10190.0,118
1149,Tucumán,NOA,2020,10,688,10190.0,118
1150,Tucumán,NOA,2020,11,277,10190.0,118
1151,Tucumán,NOA,2020,12,136,10190.0,118
1152,Buenos Aires,Pampeana,2021,1,1083,7033.0,39
1153,Buenos Aires,Pampeana,2021,2,789,7033.0,39
1154,Buenos Aires,Pampeana,2021,3,992,7033.0,39
1155,Buenos Aires,Pampeana,2021,4,637,7033.0,39
1156,Buenos Aires,Pampeana,2021,5,704,7033.0,39
1157,Buenos Aires,Pampeana,2021,6,582,7033.0,39
1158,Buenos Aires,Pampeana,2021,7,1207,7033.0,39
1159,Buenos Aires,Pampeana,2021,8,2020,7033.0,39
1160,Buenos Aires,Pampeana,2021,9,735,7033.0,39
1161,Buenos Aires,Pampeana,2021,10,845,7033.0,39
1162,Buenos Aires,Pampeana,2021,11,707,7033.0,39
1163,Buenos Aires,Pampeana,2021,12,359,7033.0,39
1164,Catamarca,NOA,2021,1,33,11177.0,242
1165,Catamarca,NOA,2021,2,8,11177.0,242
1166,Catamarca,NOA,2021,3,14,11177.0,242
1167,Catamarca,NOA,2021,4,9,11177.0,242
1168,Catamarca,NOA,2021,5,34,11177.0,242
1169,Catamarca,NOA,2021,6,32,11177.0,242
1170,Catamarca,NOA,2021,7,145,11177.0,242
1171,Catamarca,NOA,2021,8,271,11177.0,242
1172,Catamarca,NOA,2021,9,178,11177.0,242
1173,Catamarca,NOA,2021,10,550,11177.0,242
1174,Catamarca,NOA,2021,11,41,11177.0,242
1175,Catamarca,NOA,2021,12,15,11177.0,242
1176,Chaco,Norte,2021,1,427,2687.0,122
1177,Chaco,Norte,2021,2,371,2687.0,122
1178,Chaco,Norte,2021,3,484,2687.0,122
1179,Chaco,Norte,2021,4,145,2687.0,122
1180,Chaco,Norte,2021,5,244,2687.0,122
1181,Chaco,Norte,2021,6,233,2687.0,122
1182,Chaco,Norte,2021,7,1921,2687.0,122
1183,Chaco,Norte,2021,8,4472,2687.0,122
1184,Chaco,Norte,2021,9,2981,2687.0,122
1185,Chaco,Norte,2021,10,1845,2687.0,122
1186,Chaco,Norte,2021,11,275,2687.0,122
1187,Chaco,Norte,2021,12,316,2687.0,122
1188,Chubut,Patagonia,2021,1,31,17841.0,40
1189,Chubut,Patagonia,2021,2,400,17841.0,40
1190,Chubut,Patagonia,2021,3,324,17841.0,40
1191,Chubut,Patagonia,2021,4,0,17841.0,40
1192,Chubut,Patagonia,2021,5,13,17841.0,40
1193,Chubut,Patagonia,2021,6,18,17841.0,40
1194,Chubut,Patagonia,2021,7,9,17841.0,40
1195,Chubut,Patagonia,2021,8,7,17841.0,40
1196,Chubut,Patagonia,2021,9,19,17841.0,40
1197,Chubut,Patagonia,2021,10,12,17841.0,40
1198,Chubut,Patagonia,2021,11,17,17841.0,40
1199,Chubut,Patagonia,2021,12,9,17841.0,40
1200,CABA,Pampeana,2021,1,0,0.0,0
1201,CABA,Pampeana,2021,2,0,0.0,0
1202,CABA,Pampeana,2021,3,1,0.0,0
1203,CABA,Pampeana,2021,4,0,0.0,0
1204,CABA,Pampeana,2021,5,0,0.0,0
1205,CABA,Pampeana,2021,6,0,0.0,0
1206,CABA,Pampeana,2021,7,0,0.0,0
1207,CABA,Pampeana,2021,8,0,0.0,0
1208,CABA,Pampeana,2021,9,0,0.0,0
1209,CABA,Pampeana,2021,10,0,0.0,0
1210,CABA,Pampeana,2021,11,0,0.0,0
1211,CABA,Pampeana,2021,12,0,0.0,0
1212,Corrientes,NEA,2021,1,578,8897.0,14
1213,Corrientes,NEA,2021,2,379,8897.0,14
1214,Corrientes,NEA,2021,3,1127,8897.0,14
1215,Corrientes,NEA,2021,4,990,8897.0,14
1216,Corrientes,NEA,2021,5,1083,8897.0,14
1217,Corrientes,NEA,2021,6,703,8897.0,14
1218,Corrientes,NEA,2021,7,3326,8897.0,14
1219,Corrientes,NEA,2021,8,4894,8897.0,14
1220,Corrientes,NEA,2021,9,1874,8897.0,14
1221,Corrientes,NEA,2021,10,1330,8897.0,14
1222,Corrientes,NEA,2021,11,496,8897.0,14
1223,Corrientes,NEA,2021,12,445,8897.0,14
1224,Córdoba,Centro,2021,1,78,57026.0,71
1225,Córdoba,Centro,2021,2,43,57026.0,71
1226,Córdoba,Centro,2021,3,62,57026.0,71
1227,Córdoba,Centro,2021,4,51,57026.0,71
1228,Córdoba,Centro,2021,5,103,57026.0,71
1229,Córdoba,Centro,2021,6,55,57026.0,71
1230,Córdoba,Centro,2021,7,384,57026.0,71
1231,Córdoba,Centro,2021,8,466,57026.0,71
1232,Córdoba,Centro,2021,9,278,57026.0,71
1233,Córdoba,Centro,2021,10,2033,57026.0,71
1234,Córdoba,Centro,2021,11,117,57026.0,71
1235,Córdoba,Centro,2021,12,65,57026.0,71
1236,Entre Ríos,NEA,2021,1,1124,26192.0,59
1237,Entre Ríos,NEA,2021,2,606,26192.0,59
1238,Entre Ríos,NEA,2021,3,858,26192.0,59
1239,Entre Ríos,NEA,2021,4,375,26192.0,59
1240,Entre Ríos,NEA,2021,5,834,26192.0,59
1241,Entre Ríos,NEA,2021,6,371,26192.0,59
1242,Entre Ríos,NEA,2021,7,1481,26192.0,59
1243,Entre Ríos,NEA,2021,8,3709,26192.0,59
1244,Entre Ríos,NEA,2021,9,1167,26192.0,59
1245,Entre Ríos,NEA,2021,10,1089,26192.0,59
1246,Entre Ríos,NEA,2021,11,657,26192.0,59
1247,Entre Ríos,NEA,2021,12,286,26192.0,59
1248,Formosa,Norte,2021,1,110,18009.0,34
1249,Formosa,Norte,2021,2,182,18009.0,34
1250,Formosa,Norte,2021,3,465,18009.0,34
1251,Formosa,Norte,2021,4,63,18009.0,34
1252,Formosa,Norte,2021,5,150,18009.0,34
1253,Formosa,Norte,2021,6,174,18009.0,34
1254,Formosa,Norte,2021,7,3638,18009.0,34
1255,Formosa,Norte,2021,8,7727,18009.0,34
1256,Formosa,Norte,2021,9,3993,18009.0,34
1257,Formosa,Norte,2021,10,1224,18009.0,34
1258,Formosa,Norte,2021,11,434,18009.0,34
1259,Formosa,Norte,2021,12,1373,18009.0,34
1260,Jujuy,NOA,2021,1,38,6043.0,342
1261,Jujuy,NOA,2021,2,39,6043.0,342
1262,Jujuy,NOA,2021,3,3,6043.0,342
1263,Jujuy,NOA,2021,4,2,6043.0,342
1264,Jujuy,NOA,2021,5,16,6043.0,342
1265,Jujuy,NOA,2021,6,48,6043.0,342
1266,Jujuy,NOA,2021,7,125,6043.0,342
1267,Jujuy,NOA,2021,8,164,6043.0,342
1268,Jujuy,NOA,2021,9,105,6043.0,342
1269,Jujuy,NOA,2021,10,866,6043.0,342
1270,Jujuy,NOA,2021,11,145,6043.0,342
1271,Jujuy,NOA,2021,12,195,6043.0,342
1272,La Pampa,Pampeana,2021,1,250,29738.0,19
1273,La Pampa,Pampeana,2021,2,263,29738.0,19
1274,La Pampa,Pampeana,2021,3,335,29738.0,19
1275,La Pampa,Pampeana,2021,4,51,29738.0,19
1276,La Pampa,Pampeana,2021,5,23,29738.0,19
1277,La Pampa,Pampeana,2021,6,19,29738.0,19
1278,La Pampa,Pampeana,2021,7,110,29738.0,19
1279,La Pampa,Pampeana,2021,8,386,29738.0,19
1280,La Pampa,Pampeana,2021,9,186,29738.0,19
1281,La Pampa,Pampeana,2021,10,65,29738.0,19
1282,La Pampa,Pampeana,2021,11,69,29738.0,19
1283,La Pampa,Pampeana,2021,12,9,29738.0,19
1284,La Rioja,Centro,2021,1,6,21138.0,179
1285,La Rioja,Centro,2021,2,7,21138.0,179
1286,La Rioja,Centro,2021,3,10,21138.0,179
1287,La Rioja,Centro,2021,4,17,21138.0,179
1288,La Rioja,Centro,2021,5,25,21138.0,179
1289,La Rioja,Centro,2021,6,47,21138.0,179
1290,La Rioja,Centro,2021,7,163,21138.0,179
1291,La Rioja,Centro,2021,8,118,21138.0,179
1292,La Rioja,Centro,2021,9,172,21138.0,179
1293,La Rioja,Centro,2021,10,1598,21138.0,179
1294,La Rioja,Centro,2021,11,317,21138.0,179
1295,La Rioja,Centro,2021,12,41,21138.0,179
1296,Mendoza,Pampeana,2021,1,102,19006.0,93
1297,Mendoza,Pampeana,2021,2,32,19006.0,93
1298,Mendoza,Pampeana,2021,3,39,19006.0,93
1299,Mendoza,Pampeana,2021,4,73,19006.0,93
1300,Mendoza,Pampeana,2021,5,82,19006.0,93
1301,Mendoza,Pampeana,2021,6,71,19006.0,93
1302,Mendoza,Pampeana,2021,7,421,19006.0,93
1303,Mendoza,Pampeana,2021,8,395,19006.0,93
1304,Mendoza,Pampeana,2021,9,591,19006.0,93
1305,Mendoza,Pampeana,2021,10,278,19006.0,93
1306,Mendoza,Pampeana,2021,11,128,19006.0,93
1307,Mendoza,Pampeana,2021,12,9,19006.0,93
1308,Misiones,NEA,2021,1,83,1213.0,45
1309,Misiones,NEA,2021,2,321,1213.0,45
1310,Misiones,NEA,2021,3,321,1213.0,45
1311,Misiones,NEA,2021,4,472,1213.0,45
1312,Misiones,NEA,2021,5,431,1213.0,45
1313,Misiones,NEA,2021,6,136,1213.0,45
1314,Misiones,NEA,2021,7,1116,1213.0,45
1315,Misiones,NEA,2021,8,1470,1213.0,45
1316,Misiones,NEA,2021,9,741,1213.0,45
1317,Misiones,NEA,2021,10,253,1213.0,45
1318,Misiones,NEA,2021,11,226,1213.0,45
1319,Misiones,NEA,2021,12,232,1213.0,45
1320,Neuquén,Patagonia,2021,1,325,5823.0,42
1321,Neuquén,Patagonia,2021,2,455,5823.0,42
1322,Neuquén,Patagonia,2021,3,393,5823.0,42
1323,Neuquén,Patagonia,2021,4,432,5823.0,42
1324,Neuquén,Patagonia,2021,5,296,5823.0,42
1325,Neuquén,Patagonia,2021,6,217,5823.0,42
1326,Neuquén,Patagonia,2021,7,421,5823.0,42
1327,Neuquén,Patagonia,2021,8,334,5823.0,42
1328,Neuquén,Patagonia,2021,9,570,5823.0,42
1329,Neuquén,Patagonia,2021,10,799,5823.0,42
1330,Neuquén,Patagonia,2021,11,566,5823.0,42
1331,Neuquén,Patagonia,2021,12,381,5823.0,42
1332,Río Negro,Patagonia,2021,1,481,29635.0,98
1333,Río Negro,Patagonia,2021,2,295,29635.0,98
1334,Río Negro,Patagonia,2021,3,537,29635.0,98
1335,Río Negro,Patagonia,2021,4,78,29635.0,98
1336,Río Negro,Patagonia,2021,5,41,29635.0,98
1337,Río Negro,Patagonia,2021,6,49,29635.0,98
1338,Río Negro,Patagonia,2021,7,193,29635.0,98
1339,Río Negro,Patagonia,2021,8,373,29635.0,98
1340,Río Negro,Patagonia,2021,9,297,29635.0,98
1341,Río Negro,Patagonia,2021,10,180,29635.0,98
1342,Río Negro,Patagonia,2021,11,104,29635.0,98
1343,Río Negro,Patagonia,2021,12,84,29635.0,98
1344,Salta,NOA,2021,1,113,4601.0,232
1345,Salta,NOA,2021,2,71,4601.0,232
1346,Salta,NOA,2021,3,88,4601.0,232
1347,Salta,NOA,2021,4,68,4601.0,232
1348,Salta,NOA,2021,5,168,4601.0,232
1349,Salta,NOA,2021,6,195,4601.0,232
1350,Salta,NOA,2021,7,662,4601.0,232
1351,Salta,NOA,2021,8,1526,4601.0,232
1352,Salta,NOA,2021,9,1350,4601.0,232
1353,Salta,NOA,2021,10,3357,4601.0,232
1354,Salta,NOA,2021,11,694,4601.0,232
1355,Salta,NOA,2021,12,205,4601.0,232
1356,San Juan,Centro,2021,1,67,0.0,0
1357,San Juan,Centro,2021,2,26,0.0,0
1358,San Juan,Centro,2021,3,28,0.0,0
1359,San Juan,Centro,2021,4,24,0.0,0
1360,San Juan,Centro,2021,5,44,0.0,0
1361,San Juan,Centro,2021,6,50,0.0,0
1362,San Juan,Centro,2021,7,136,0.0,0
1363,San Juan,Centro,2021,8,410,0.0,0
1364,San Juan,Centro,2021,9,188,0.0,0
1365,San Juan,Centro,2021,10,123,0.0,0
1366,San Juan,Centro,2021,11,116,0.0,0
1367,San Juan,Centro,2021,12,26,0.0,0
1368,San Luis,Centro,2021,1,61,49314.0,180
1369,San Luis,Centro,2021,2,64,49314.0,180
1370,San Luis,Centro,2021,3,654,49314.0,180
1371,San Luis,Centro,2021,4,19,49314.0,180
1372,San Luis,Centro,2021,5,13,49314.0,180
1373,San Luis,Centro,2021,6,27,49314.0,180
1374,San Luis,Centro,2021,7,63,49314.0,180
1375,San Luis,Centro,2021,8,288,49314.0,180
1376,San Luis,Centro,2021,9,158,49314.0,180
1377,San Luis,Centro,2021,10,955,49314.0,180
1378,San Luis,Centro,2021,11,138,49314.0,180
1379,San Luis,Centro,2021,12,15,49314.0,180
1380,Santa Cruz,Patagonia,2021,1,101,2263.0,9
1381,Santa Cruz,Patagonia,2021,2,43,2263.0,9
1382,Santa Cruz,Patagonia,2021,3,39,2263.0,9
1383,Santa Cruz,Patagonia,2021,4,12,2263.0,9
1384,Santa Cruz,Patagonia,2021,5,13,2263.0,9
1385,Santa Cruz,Patagonia,2021,6,24,2263.0,9
1386,Santa Cruz,Patagonia,2021,7,23,2263.0,9
1387,Santa Cruz,Patagonia,2021,8,18,2263.0,9
1388,Santa Cruz,Patagonia,2021,9,23,2263.0,9
1389,Santa Cruz,Patagonia,2021,10,18,2263.0,9
1390,Santa Cruz,Patagonia,2021,11,8,2263.0,9
1391,Santa Cruz,Patagonia,2021,12,4,2263.0,9
1392,Santa Fe,Norte,2021,1,1272,103.0,50
1393,Santa Fe,Norte,2021,2,861,103.0,50
1394,Santa Fe,Norte,2021,3,867,103.0,50
1395,Santa Fe,Norte,2021,4,653,103.0,50
1396,Santa Fe,Norte,2021,5,1035,103.0,50
1397,Santa Fe,Norte,2021,6,708,103.0,50
1398,Santa Fe,Norte,2021,7,5197,103.0,50
1399,Santa Fe,Norte,2021,8,8255,103.0,50
1400,Santa Fe,Norte,2021,9,4532,103.0,50
1401,Santa Fe,Norte,2021,10,3124,103.0,50
1402,Santa Fe,Norte,2021,11,982,103.0,50
1403,Santa Fe,Norte,2021,12,885,103.0,50
1404,Santiago del Estero,Norte,2021,1,331,1619.0,6
1405,Santiago del Estero,Norte,2021,2,162,1619.0,6
1406,Santiago del Estero,Norte,2021,3,281,1619.0,6
1407,Santiago del Estero,Norte,2021,4,273,1619.0,6
1408,Santiago del Estero,Norte,2021,5,565,1619.0,6
1409,Santiago del Estero,Norte,2021,6,592,1619.0,6
1410,Santiago del Estero,Norte,2021,7,2802,1619.0,6
1411,Santiago del Estero,Norte,2021,8,4430,1619.0,6
1412,Santiago del Estero,Norte,2021,9,3234,1619.0,6
1413,Santiago del Estero,Norte,2021,10,3556,1619.0,6
1414,Santiago del Estero,Norte,2021,11,406,1619.0,6
1415,Santiago del Estero,Norte,2021,12,189,1619.0,6
1416,Tierra del Fuego,Patagonia,2021,1,2,9.0,10
1417,Tierra del Fuego,Patagonia,2021,2,3,9.0,10
1418,Tierra del Fuego,Patagonia,2021,3,2,9.0,10
1419,Tierra del Fuego,Patagonia,2021,4,0,9.0,10
1420,Tierra del Fuego,Patagonia,2021,5,2,9.0,10
1421,Tierra del Fuego,Patagonia,2021,6,5,9.0,10
1422,Tierra del Fuego,Patagonia,2021,7,3,9.0,10
1423,Tierra del Fuego,Patagonia,2021,8,1,9.0,10
1424,Tierra del Fuego,Patagonia,2021,9,2,9.0,10
1425,Tierra del Fuego,Patagonia,2021,10,9,9.0,10
1426,Tierra del Fuego,Patagonia,2021,11,1,9.0,10
1427,Tierra del Fuego,Patagonia,2021,12,1,9.0,10
1428,Tucumán,NOA,2021,1,14,3233.0,413
1429,Tucumán,NOA,2021,2,10,3233.0,413
1430,Tucumán,NOA,2021,3,5,3233.0,413
1431,Tucumán,NOA,2021,4,10,3233.0,413
1432,Tucumán,NOA,2021,5,66,3233.0,413
1433,Tucumán,NOA,2021,6,182,3233.0,413
1434,Tucumán,NOA,2021,7,1047,3233.0,413
1435,Tucumán,NOA,2021,8,1602,3233.0,413
1436,Tucumán,NOA,2021,9,1015,3233.0,413
1437,Tucumán,NOA,2021,10,729,3233.0,413
1438,Tucumán,NOA,2021,11,84,3233.0,413
1439,Tucumán,NOA,2021,12,22,3233.0,413
1440,Buenos Aires,Pampeana,2022,1,1955,142.0,60
1441,Buenos Aires,Pampeana,2022,2,874,142.0,60
1442,Buenos Aires,Pampeana,2022,3,544,142.0,60
1443,Buenos Aires,Pampeana,2022,4,634,142.0,60
1444,Buenos Aires,Pampeana,2022,5,502,142.0,60
1445,Buenos Aires,Pampeana,2022,6,833,142.0,60
1446,Buenos Aires,Pampeana,2022,7,754,142.0,60
1447,Buenos Aires,Pampeana,2022,8,1761,142.0,60
1448,Buenos Aires,Pampeana,2022,9,1329,142.0,60
1449,Buenos Aires,Pampeana,2022,10,1230,142.0,60
1450,Buenos Aires,Pampeana,2022,11,1192,142.0,60
1451,Buenos Aires,Pampeana,2022,12,1300,142.0,60
1452,Catamarca,NOA,2022,1,160,13816.0,188
1453,Catamarca,NOA,2022,2,20,13816.0,188
1454,Catamarca,NOA,2022,3,31,13816.0,188
1455,Catamarca,NOA,2022,4,33,13816.0,188
1456,Catamarca,NOA,2022,5,23,13816.0,188
1457,Catamarca,NOA,2022,6,59,13816.0,188
1458,Catamarca,NOA,2022,7,437,13816.0,188
1459,Catamarca,NOA,2022,8,254,13816.0,188
1460,Catamarca,NOA,2022,9,227,13816.0,188
1461,Catamarca,NOA,2022,10,139,13816.0,188
1462,Catamarca,NOA,2022,11,309,13816.0,188
1463,Catamarca,NOA,2022,12,42,13816.0,188
1464,Chaco,Norte,2022,1,2937,12189.0,110
1465,Chaco,Norte,2022,2,1917,12189.0,110
1466,Chaco,Norte,2022,3,341,12189.0,110
1467,Chaco,Norte,2022,4,153,12189.0,110
1468,Chaco,Norte,2022,5,272,12189.0,110
1469,Chaco,Norte,2022,6,296,12189.0,110
1470,Chaco,Norte,2022,7,743,12189.0,110
1471,Chaco,Norte,2022,8,3600,12189.0,110
1472,Chaco,Norte,2022,9,3905,12189.0,110
1473,Chaco,Norte,2022,10,2485,12189.0,110
1474,Chaco,Norte,2022,11,1722,12189.0,110
1475,Chaco,Norte,2022,12,1194,12189.0,110
1476,Chubut,Patagonia,2022,1,821,80294.0,39
1477,Chubut,Patagonia,2022,2,14,80294.0,39
1478,Chubut,Patagonia,2022,3,6,80294.0,39
1479,Chubut,Patagonia,2022,4,7,80294.0,39
1480,Chubut,Patagonia,2022,5,4,80294.0,39
1481,Chubut,Patagonia,2022,6,9,80294.0,39
1482,Chubut,Patagonia,2022,7,6,80294.0,39
1483,Chubut,Patagonia,2022,8,10,80294.0,39
1484,Chubut,Patagonia,2022,9,17,80294.0,39
1485,Chubut,Patagonia,2022,10,18,80294.0,39
1486,Chubut,Patagonia,2022,11,9,80294.0,39
1487,Chubut,Patagonia,2022,12,7,80294.0,39
1488,CABA,Pampeana,2022,1,0,0.0,0
1489,CABA,Pampeana,2022,2,0,0.0,0
1490,CABA,Pampeana,2022,3,0,0.0,0
1491,CABA,Pampeana,2022,4,0,0.0,0
1492,CABA,Pampeana,2022,5,0,0.0,0
1493,CABA,Pampeana,2022,6,0,0.0,0
1494,CABA,Pampeana,2022,7,0,0.0,0
1495,CABA,Pampeana,2022,8,0,0.0,0
1496,CABA,Pampeana,2022,9,0,0.0,0
1497,CABA,Pampeana,2022,10,0,0.0,0
1498,CABA,Pampeana,2022,11,0,0.0,0
1499,CABA,Pampeana,2022,12,1,0.0,0
1500,Corrientes,NEA,2022,1,14067,88631.0,106
1501,Corrientes,NEA,2022,2,23866,88631.0,106
1502,Corrientes,NEA,2022,3,1328,88631.0,106
1503,Corrientes,NEA,2022,4,323,88631.0,106
1504,Corrientes,NEA,2022,5,529,88631.0,106
1505,Corrientes,NEA,2022,6,410,88631.0,106
1506,Corrientes,NEA,2022,7,440,88631.0,106
1507,Corrientes,NEA,2022,8,1055,88631.0,106
1508,Corrientes,NEA,2022,9,1140,88631.0,106
1509,Corrientes,NEA,2022,10,406,88631.0,106
1510,Corrientes,NEA,2022,11,558,88631.0,106
1511,Corrientes,NEA,2022,12,1735,88631.0,106
1512,Córdoba,Centro,2022,1,209,4246.0,144
1513,Córdoba,Centro,2022,2,106,4246.0,144
1514,Córdoba,Centro,2022,3,85,4246.0,144
1515,Córdoba,Centro,2022,4,162,4246.0,144
1516,Córdoba,Centro,2022,5,110,4246.0,144
1517,Córdoba,Centro,2022,6,227,4246.0,144
1518,Córdoba,Centro,2022,7,301,4246.0,144
1519,Córdoba,Centro,2022,8,508,4246.0,144
1520,Córdoba,Centro,2022,9,1900,4246.0,144
1521,Córdoba,Centro,2022,10,784,4246.0,144
1522,Córdoba,Centro,2022,11,1052,4246.0,144
1523,Córdoba,Centro,2022,12,206,4246.0,144
1524,Entre Ríos,NEA,2022,1,1841,3186.0,143
1525,Entre Ríos,NEA,2022,2,738,3186.0,143
1526,Entre Ríos,NEA,2022,3,148,3186.0,143
1527,Entre Ríos,NEA,2022,4,260,3186.0,143
1528,Entre Ríos,NEA,2022,5,372,3186.0,143
1529,Entre Ríos,NEA,2022,6,906,3186.0,143
1530,Entre Ríos,NEA,2022,7,1563,3186.0,143
1531,Entre Ríos,NEA,2022,8,7524,3186.0,143
1532,Entre Ríos,NEA,2022,9,3753,3186.0,143
1533,Entre Ríos,NEA,2022,10,1914,3186.0,143
1534,Entre Ríos,NEA,2022,11,947,3186.0,143
1535,Entre Ríos,NEA,2022,12,1790,3186.0,143
1536,Formosa,Norte,2022,1,20941,8207.0,18
1537,Formosa,Norte,2022,2,4184,8207.0,18
1538,Formosa,Norte,2022,3,1440,8207.0,18
1539,Formosa,Norte,2022,4,219,8207.0,18
1540,Formosa,Norte,2022,5,92,8207.0,18
1541,Formosa,Norte,2022,6,159,8207.0,18
1542,Formosa,Norte,2022,7,777,8207.0,18
1543,Formosa,Norte,2022,8,4042,8207.0,18
1544,Formosa,Norte,2022,9,4886,8207.0,18
1545,Formosa,Norte,2022,10,1753,8207.0,18
1546,Formosa,Norte,2022,11,1266,8207.0,18
1547,Formosa,Norte,2022,12,1318,8207.0,18
1548,Jujuy,NOA,2022,1,40,18728.0,378
1549,Jujuy,NOA,2022,2,14,18728.0,378
1550,Jujuy,NOA,2022,3,27,18728.0,378
1551,Jujuy,NOA,2022,4,5,18728.0,378
1552,Jujuy,NOA,2022,5,37,18728.0,378
1553,Jujuy,NOA,2022,6,125,18728.0,378
1554,Jujuy,NOA,2022,7,127,18728.0,378
1555,Jujuy,NOA,2022,8,228,18728.0,378
1556,Jujuy,NOA,2022,9,851,18728.0,378
1557,Jujuy,NOA,2022,10,136,18728.0,378
1558,Jujuy,NOA,2022,11,1637,18728.0,378
1559,Jujuy,NOA,2022,12,190,18728.0,378
1560,La Pampa,Pampeana,2022,1,304,119718.0,66
1561,La Pampa,Pampeana,2022,2,171,119718.0,66
1562,La Pampa,Pampeana,2022,3,189,119718.0,66
1563,La Pampa,Pampeana,2022,4,225,119718.0,66
1564,La Pampa,Pampeana,2022,5,118,119718.0,66
1565,La Pampa,Pampeana,2022,6,124,119718.0,66
1566,La Pampa,Pampeana,2022,7,113,119718.0,66
1567,La Pampa,Pampeana,2022,8,1266,119718.0,66
1568,La Pampa,Pampeana,2022,9,1064,119718.0,66
1569,La Pampa,Pampeana,2022,10,169,119718.0,66
1570,La Pampa,Pampeana,2022,11,463,119718.0,66
1571,La Pampa,Pampeana,2022,12,1034,119718.0,66
1572,La Rioja,Centro,2022,1,119,36904.0,68
1573,La Rioja,Centro,2022,2,17,36904.0,68
1574,La Rioja,Centro,2022,3,33,36904.0,68
1575,La Rioja,Centro,2022,4,75,36904.0,68
1576,La Rioja,Centro,2022,5,26,36904.0,68
1577,La Rioja,Centro,2022,6,49,36904.0,68
1578,La Rioja,Centro,2022,7,64,36904.0,68
1579,La Rioja,Centro,2022,8,118,36904.0,68
1580,La Rioja,Centro,2022,9,724,36904.0,68
1581,La Rioja,Centro,2022,10,402,36904.0,68
1582,La Rioja,Centro,2022,11,929,36904.0,68
1583,La Rioja,Centro,2022,12,52,36904.0,68
1584,Mendoza,Pampeana,2022,1,93,45038.0,153
1585,Mendoza,Pampeana,2022,2,41,45038.0,153
1586,Mendoza,Pampeana,2022,3,70,45038.0,153
1587,Mendoza,Pampeana,2022,4,103,45038.0,153
1588,Mendoza,Pampeana,2022,5,151,45038.0,153
1589,Mendoza,Pampeana,2022,6,148,45038.0,153
1590,Mendoza,Pampeana,2022,7,240,45038.0,153
1591,Mendoza,Pampeana,2022,8,583,45038.0,153
1592,Mendoza,Pampeana,2022,9,593,45038.0,153
1593,Mendoza,Pampeana,2022,10,299,45038.0,153
1594,Mendoza,Pampeana,2022,11,192,45038.0,153
1595,Mendoza,Pampeana,2022,12,90,45038.0,153
1596,Misiones,NEA,2022,1,706,16050.0,47
1597,Misiones,NEA,2022,2,951,16050.0,47
1598,Misiones,NEA,2022,3,228,16050.0,47
1599,Misiones,NEA,2022,4,205,16050.0,47
1600,Misiones,NEA,2022,5,205,16050.0,47
1601,Misiones,NEA,2022,6,86,16050.0,47
1602,Misiones,NEA,2022,7,729,16050.0,47
1603,Misiones,NEA,2022,8,1054,16050.0,47
1604,Misiones,NEA,2022,9,506,16050.0,47
1605,Misiones,NEA,2022,10,251,16050.0,47
1606,Misiones,NEA,2022,11,386,16050.0,47
1607,Misiones,NEA,2022,12,167,16050.0,47
1608,Neuquén,Patagonia,2022,1,538,126.0,12
1609,Neuquén,Patagonia,2022,2,511,126.0,12
1610,Neuquén,Patagonia,2022,3,711,126.0,12
1611,Neuquén,Patagonia,2022,4,565,126.0,12
1612,Neuquén,Patagonia,2022,5,532,126.0,12
1613,Neuquén,Patagonia,2022,6,266,126.0,12
1614,Neuquén,Patagonia,2022,7,316,126.0,12
1615,Neuquén,Patagonia,2022,8,424,126.0,12
1616,Neuquén,Patagonia,2022,9,480,126.0,12
1617,Neuquén,Patagonia,2022,10,375,126.0,12
1618,Neuquén,Patagonia,2022,11,447,126.0,12
1619,Neuquén,Patagonia,2022,12,552,126.0,12
1620,Río Negro,Patagonia,2022,1,531,30680.0,54
1621,Río Negro,Patagonia,2022,2,152,30680.0,54
1622,Río Negro,Patagonia,2022,3,64,30680.0,54
1623,Río Negro,Patagonia,2022,4,46,30680.0,54
1624,Río Negro,Patagonia,2022,5,83,30680.0,54
1625,Río Negro,Patagonia,2022,6,94,30680.0,54
1626,Río Negro,Patagonia,2022,7,102,30680.0,54
1627,Río Negro,Patagonia,2022,8,291,30680.0,54
1628,Río Negro,Patagonia,2022,9,360,30680.0,54
1629,Río Negro,Patagonia,2022,10,150,30680.0,54
1630,Río Negro,Patagonia,2022,11,70,30680.0,54
1631,Río Negro,Patagonia,2022,12,395,30680.0,54
1632,Salta,NOA,2022,1,884,125112.0,222
1633,Salta,NOA,2022,2,53,125112.0,222
1634,Salta,NOA,2022,3,46,125112.0,222
1635,Salta,NOA,2022,4,38,125112.0,222
1636,Salta,NOA,2022,5,128,125112.0,222
1637,Salta,NOA,2022,6,227,125112.0,222
1638,Salta,NOA,2022,7,476,125112.0,222
1639,Salta,NOA,2022,8,1569,125112.0,222
1640,Salta,NOA,2022,9,6107,125112.0,222
1641,Salta,NOA,2022,10,6238,125112.0,222
1642,Salta,NOA,2022,11,21958,125112.0,222
1643,Salta,NOA,2022,12,1564,125112.0,222
1644,San Juan,Centro,2022,1,55,1321.0,58
1645,San Juan,Centro,2022,2,11,1321.0,58
1646,San Juan,Centro,2022,3,31,1321.0,58
1647,San Juan,Centro,2022,4,84,1321.0,58
1648,San Juan,Centro,2022,5,48,1321.0,58
1649,San Juan,Centro,2022,6,51,1321.0,58
1650,San Juan,Centro,2022,7,152,1321.0,58
1651,San Juan,Centro,2022,8,151,1321.0,58
1652,San Juan,Centro,2022,9,568,1321.0,58
1653,San Juan,Centro,2022,10,206,1321.0,58
1654,San Juan,Centro,2022,11,102,1321.0,58
1655,San Juan,Centro,2022,12,59,1321.0,58
1656,San Luis,Centro,2022,1,761,120556.0,309
1657,San Luis,Centro,2022,2,63,120556.0,309
1658,San Luis,Centro,2022,3,44,120556.0,309
1659,San Luis,Centro,2022,4,78,120556.0,309
1660,San Luis,Centro,2022,5,66,120556.0,309
1661,San Luis,Centro,2022,6,43,120556.0,309
1662,San Luis,Centro,2022,7,188,120556.0,309
1663,San Luis,Centro,2022,8,229,120556.0,309
1664,San Luis,Centro,2022,9,1272,120556.0,309
1665,San Luis,Centro,2022,10,747,120556.0,309
1666,San Luis,Centro,2022,11,206,120556.0,309
1667,San Luis,Centro,2022,12,1126,120556.0,309
1668,Santa Cruz,Patagonia,2022,1,19,3220.0,4
1669,Santa Cruz,Patagonia,2022,2,11,3220.0,4
1670,Santa Cruz,Patagonia,2022,3,82,3220.0,4
1671,Santa Cruz,Patagonia,2022,4,24,3220.0,4
1672,Santa Cruz,Patagonia,2022,5,11,3220.0,4
1673,Santa Cruz,Patagonia,2022,6,17,3220.0,4
1674,Santa Cruz,Patagonia,2022,7,11,3220.0,4
1675,Santa Cruz,Patagonia,2022,8,5,3220.0,4
1676,Santa Cruz,Patagonia,2022,9,14,3220.0,4
1677,Santa Cruz,Patagonia,2022,10,19,3220.0,4
1678,Santa Cruz,Patagonia,2022,11,54,3220.0,4
1679,Santa Cruz,Patagonia,2022,12,98,3220.0,4
1680,Santa Fe,Norte,2022,1,6052,44138.0,75
1681,Santa Fe,Norte,2022,2,4078,44138.0,75
1682,Santa Fe,Norte,2022,3,690,44138.0,75
1683,Santa Fe,Norte,2022,4,632,44138.0,75
1684,Santa Fe,Norte,2022,5,883,44138.0,75
1685,Santa Fe,Norte,2022,6,1588,44138.0,75
1686,Santa Fe,Norte,2022,7,2975,44138.0,75
1687,Santa Fe,Norte,2022,8,6181,44138.0,75
1688,Santa Fe,Norte,2022,9,7132,44138.0,75
1689,Santa Fe,Norte,2022,10,3324,44138.0,75
1690,Santa Fe,Norte,2022,11,2857,44138.0,75
1691,Santa Fe,Norte,2022,12,1772,44138.0,75
1692,Santiago del Estero,Norte,2022,1,847,7283.0,14
1693,Santiago del Estero,Norte,2022,2,339,7283.0,14
1694,Santiago del Estero,Norte,2022,3,167,7283.0,14
1695,Santiago del Estero,Norte,2022,4,273,7283.0,14
1696,Santiago del Estero,Norte,2022,5,503,7283.0,14
1697,Santiago del Estero,Norte,2022,6,649,7283.0,14
1698,Santiago del Estero,Norte,2022,7,1537,7283.0,14
1699,Santiago del Estero,Norte,2022,8,4136,7283.0,14
1700,Santiago del Estero,Norte,2022,9,4477,7283.0,14
1701,Santiago del Estero,Norte,2022,10,3689,7283.0,14
1702,Santiago del Estero,Norte,2022,11,2151,7283.0,14
1703,Santiago del Estero,Norte,2022,12,813,7283.0,14
1704,Tierra del Fuego,Patagonia,2022,1,2,8200.0,6
1705,Tierra del Fuego,Patagonia,2022,2,5,8200.0,6
1706,Tierra del Fuego,Patagonia,2022,3,0,8200.0,6
1707,Tierra del Fuego,Patagonia,2022,4,6,8200.0,6
1708,Tierra del Fuego,Patagonia,2022,5,4,8200.0,6
1709,Tierra del Fuego,Patagonia,2022,6,1,8200.0,6
1710,Tierra del Fuego,Patagonia,2022,7,7,8200.0,6
1711,Tierra del Fuego,Patagonia,2022,8,1,8200.0,6
1712,Tierra del Fuego,Patagonia,2022,9,4,8200.0,6
1713,Tierra del Fuego,Patagonia,2022,10,0,8200.0,6
1714,Tierra del Fuego,Patagonia,2022,11,2,8200.0,6
1715,Tierra del Fuego,Patagonia,2022,12,1436,8200.0,6
1716,Tucumán,NOA,2022,1,39,9437.0,376
1717,Tucumán,NOA,2022,2,21,9437.0,376
1718,Tucumán,NOA,2022,3,17,9437.0,376
1719,Tucumán,NOA,2022,4,32,9437.0,376
1720,Tucumán,NOA,2022,5,71,9437.0,376
1721,Tucumán,NOA,2022,6,302,9437.0,376
1722,Tucumán,NOA,2022,7,764,9437.0,376
1723,Tucumán,NOA,2022,8,1815,9437.0,376
1724,Tucumán,NOA,2022,9,1364,9437.0,376
1725,Tucumán,NOA,2022,10,524,9437.0,376
1726,Tucumán,NOA,2022,11,551,9437.0,376
1727,Tucumán,NOA,2022,12,105,9437.0,376
1728,Buenos Aires,Pampeana,2023,1,1779,4523.0,37
1729,Buenos Aires,Pampeana,2023,2,1327,4523.0,37
1730,Buenos Aires,Pampeana,2023,3,1186,4523.0,37
1731,Buenos Aires,Pampeana,2023,4,720,4523.0,37
1732,Buenos Aires,Pampeana,2023,5,614,4523.0,37
1733,Buenos Aires,Pampeana,2023,6,528,4523.0,37
1734,Buenos Aires,Pampeana,2023,7,421,4523.0,37
1735,Buenos Aires,Pampeana,2023,8,1250,4523.0,37
1736,Buenos Aires,Pampeana,2023,9,755,4523.0,37
1737,Buenos Aires,Pampeana,2023,10,962,4523.0,37
1738,Buenos Aires,Pampeana,2023,11,668,4523.0,37
1739,Buenos Aires,Pampeana,2023,12,360,4523.0,37
1740,Catamarca,NOA,2023,1,51,9417.0,290
1741,Catamarca,NOA,2023,2,46,9417.0,290
1742,Catamarca,NOA,2023,3,12,9417.0,290
1743,Catamarca,NOA,2023,4,23,9417.0,290
1744,Catamarca,NOA,2023,5,23,9417.0,290
1745,Catamarca,NOA,2023,6,44,9417.0,290
1746,Catamarca,NOA,2023,7,37,9417.0,290
1747,Catamarca,NOA,2023,8,101,9417.0,290
1748,Catamarca,NOA,2023,9,59,9417.0,290
1749,Catamarca,NOA,2023,10,236,9417.0,290
1750,Catamarca,NOA,2023,11,94,9417.0,290
1751,Catamarca,NOA,2023,12,78,9417.0,290
1752,Chaco,Norte,2023,1,1187,1718.0,6
1753,Chaco,Norte,2023,2,700,1718.0,6
1754,Chaco,Norte,2023,3,680,1718.0,6
1755,Chaco,Norte,2023,4,362,1718.0,6
1756,Chaco,Norte,2023,5,379,1718.0,6
1757,Chaco,Norte,2023,6,513,1718.0,6
1758,Chaco,Norte,2023,7,1330,1718.0,6
1759,Chaco,Norte,2023,8,4497,1718.0,6
1760,Chaco,Norte,2023,9,2608,1718.0,6
1761,Chaco,Norte,2023,10,2444,1718.0,6
1762,Chaco,Norte,2023,11,831,1718.0,6
1763,Chaco,Norte,2023,12,312,1718.0,6
1764,Chubut,Patagonia,2023,1,51,18854.0,87
1765,Chubut,Patagonia,2023,2,469,18854.0,87
1766,Chubut,Patagonia,2023,3,15,18854.0,87
1767,Chubut,Patagonia,2023,4,5,18854.0,87
1768,Chubut,Patagonia,2023,5,8,18854.0,87
1769,Chubut,Patagonia,2023,6,1,18854.0,87
1770,Chubut,Patagonia,2023,7,5,18854.0,87
1771,Chubut,Patagonia,2023,8,25,18854.0,87
1772,Chubut,Patagonia,2023,9,12,18854.0,87
1773,Chubut,Patagonia,2023,10,31,18854.0,87
1774,Chubut,Patagonia,2023,11,7,18854.0,87
1775,Chubut,Patagonia,2023,12,73,18854.0,87
1776,CABA,Pampeana,2023,1,4,49.0,1
1777,CABA,Pampeana,2023,2,0,49.0,1
1778,CABA,Pampeana,2023,3,0,49.0,1
1779,CABA,Pampeana,2023,4,0,49.0,1
1780,CABA,Pampeana,2023,5,0,49.0,1
1781,CABA,Pampeana,2023,6,0,49.0,1
1782,CABA,Pampeana,2023,7,0,49.0,1
1783,CABA,Pampeana,2023,8,0,49.0,1
1784,CABA,Pampeana,2023,9,0,49.0,1
1785,CABA,Pampeana,2023,10,0,49.0,1
1786,CABA,Pampeana,2023,11,0,49.0,1
1787,CABA,Pampeana,2023,12,2,49.0,1
1788,Corrientes,NEA,2023,1,3105,42881.0,89
1789,Corrientes,NEA,2023,2,8471,42881.0,89
1790,Corrientes,NEA,2023,3,2548,42881.0,89
1791,Corrientes,NEA,2023,4,1842,42881.0,89
1792,Corrientes,NEA,2023,5,1356,42881.0,89
1793,Corrientes,NEA,2023,6,815,42881.0,89
1794,Corrientes,NEA,2023,7,1300,42881.0,89
1795,Corrientes,NEA,2023,8,3586,42881.0,89
1796,Corrientes,NEA,2023,9,435,42881.0,89
1797,Corrientes,NEA,2023,10,393,42881.0,89
1798,Corrientes,NEA,2023,11,33,42881.0,89
1799,Corrientes,NEA,2023,12,44,42881.0,89
1800,Córdoba,Centro,2023,1,106,24454.0,140
1801,Córdoba,Centro,2023,2,85,24454.0,140
1802,Córdoba,Centro,2023,3,79,24454.0,140
1803,Córdoba,Centro,2023,4,113,24454.0,140
1804,Córdoba,Centro,2023,5,139,24454.0,140
1805,Córdoba,Centro,2023,6,64,24454.0,140
1806,Córdoba,Centro,2023,7,172,24454.0,140
1807,Córdoba,Centro,2023,8,524,24454.0,140
1808,Córdoba,Centro,2023,9,299,24454.0,140
1809,Córdoba,Centro,2023,10,764,24454.0,140
1810,Córdoba,Centro,2023,11,264,24454.0,140
1811,Córdoba,Centro,2023,12,46,24454.0,140
1812,Entre Ríos,NEA,2023,1,2589,4796.0,62
1813,Entre Ríos,NEA,2023,2,2281,4796.0,62
1814,Entre Ríos,NEA,2023,3,2676,4796.0,62
1815,Entre Ríos,NEA,2023,4,352,4796.0,62
1816,Entre Ríos,NEA,2023,5,450,4796.0,62
1817,Entre Ríos,NEA,2023,6,246,4796.0,62
1818,Entre Ríos,NEA,2023,7,186,4796.0,62
1819,Entre Ríos,NEA,2023,8,877,4796.0,62
1820,Entre Ríos,NEA,2023,9,558,4796.0,62
1821,Entre Ríos,NEA,2023,10,376,4796.0,62
1822,Entre Ríos,NEA,2023,11,67,4796.0,62
1823,Entre Ríos,NEA,2023,12,73,4796.0,62
1824,Formosa,Norte,2023,1,2004,30595.0,17
1825,Formosa,Norte,2023,2,817,30595.0,17
1826,Formosa,Norte,2023,3,356,30595.0,17
1827,Formosa,Norte,2023,4,253,30595.0,17
1828,Formosa,Norte,2023,5,131,30595.0,17
1829,Formosa,Norte,2023,6,189,30595.0,17
1830,Formosa,Norte,2023,7,918,30595.0,17
1831,Formosa,Norte,2023,8,5028,30595.0,17
1832,Formosa,Norte,2023,9,9169,30595.0,17
1833,Formosa,Norte,2023,10,5335,30595.0,17
1834,Formosa,Norte,2023,11,3242,30595.0,17
1835,Formosa,Norte,2023,12,306,30595.0,17
1836,Jujuy,NOA,2023,1,46,1757.0,319
1837,Jujuy,NOA,2023,2,20,1757.0,319
1838,Jujuy,NOA,2023,3,22,1757.0,319
1839,Jujuy,NOA,2023,4,34,1757.0,319
1840,Jujuy,NOA,2023,5,12,1757.0,319
1841,Jujuy,NOA,2023,6,76,1757.0,319
1842,Jujuy,NOA,2023,7,122,1757.0,319
1843,Jujuy,NOA,2023,8,121,1757.0,319
1844,Jujuy,NOA,2023,9,196,1757.0,319
1845,Jujuy,NOA,2023,10,78,1757.0,319
1846,Jujuy,NOA,2023,11,111,1757.0,319
1847,Jujuy,NOA,2023,12,79,1757.0,319
1848,La Pampa,Pampeana,2023,1,417,64366.0,70
1849,La Pampa,Pampeana,2023,2,532,64366.0,70
1850,La Pampa,Pampeana,2023,3,287,64366.0,70
1851,La Pampa,Pampeana,2023,4,68,64366.0,70
1852,La Pampa,Pampeana,2023,5,139,64366.0,70
1853,La Pampa,Pampeana,2023,6,58,64366.0,70
1854,La Pampa,Pampeana,2023,7,34,64366.0,70
1855,La Pampa,Pampeana,2023,8,428,64366.0,70
1856,La Pampa,Pampeana,2023,9,234,64366.0,70
1857,La Pampa,Pampeana,2023,10,258,64366.0,70
1858,La Pampa,Pampeana,2023,11,266,64366.0,70
1859,La Pampa,Pampeana,2023,12,290,64366.0,70
1860,La Rioja,Centro,2023,1,112,10438.0,11
1861,La Rioja,Centro,2023,2,19,10438.0,11
1862,La Rioja,Centro,2023,3,41,10438.0,11
1863,La Rioja,Centro,2023,4,36,10438.0,11
1864,La Rioja,Centro,2023,5,50,10438.0,11
1865,La Rioja,Centro,2023,6,54,10438.0,11
1866,La Rioja,Centro,2023,7,67,10438.0,11
1867,La Rioja,Centro,2023,8,110,10438.0,11
1868,La Rioja,Centro,2023,9,161,10438.0,11
1869,La Rioja,Centro,2023,10,97,10438.0,11
1870,La Rioja,Centro,2023,11,608,10438.0,11
1871,La Rioja,Centro,2023,12,48,10438.0,11
1872,Mendoza,Pampeana,2023,1,654,108198.0,76
1873,Mendoza,Pampeana,2023,2,283,108198.0,76
1874,Mendoza,Pampeana,2023,3,97,108198.0,76
1875,Mendoza,Pampeana,2023,4,64,108198.0,76
1876,Mendoza,Pampeana,2023,5,86,108198.0,76
1877,Mendoza,Pampeana,2023,6,142,108198.0,76
1878,Mendoza,Pampeana,2023,7,153,108198.0,76
1879,Mendoza,Pampeana,2023,8,341,108198.0,76
1880,Mendoza,Pampeana,2023,9,270,108198.0,76
1881,Mendoza,Pampeana,2023,10,344,108198.0,76
1882,Mendoza,Pampeana,2023,11,129,108198.0,76
1883,Mendoza,Pampeana,2023,12,132,108198.0,76
1884,Misiones,NEA,2023,1,166,42.0,12
1885,Misiones,NEA,2023,2,156,42.0,12
1886,Misiones,NEA,2023,3,237,42.0,12
1887,Misiones,NEA,2023,4,253,42.0,12
1888,Misiones,NEA,2023,5,429,42.0,12
1889,Misiones,NEA,2023,6,419,42.0,12
1890,Misiones,NEA,2023,7,570,42.0,12
1891,Misiones,NEA,2023,8,1227,42.0,12
1892,Misiones,NEA,2023,9,230,42.0,12
1893,Misiones,NEA,2023,10,68,42.0,12
1894,Misiones,NEA,2023,11,59,42.0,12
1895,Misiones,NEA,2023,12,60,42.0,12
1896,Neuquén,Patagonia,2023,1,537,31.0,27
1897,Neuquén,Patagonia,2023,2,531,31.0,27
1898,Neuquén,Patagonia,2023,3,465,31.0,27
1899,Neuquén,Patagonia,2023,4,299,31.0,27
1900,Neuquén,Patagonia,2023,5,406,31.0,27
1901,Neuquén,Patagonia,2023,6,225,31.0,27
1902,Neuquén,Patagonia,2023,7,222,31.0,27
1903,Neuquén,Patagonia,2023,8,323,31.0,27
1904,Neuquén,Patagonia,2023,9,303,31.0,27
1905,Neuquén,Patagonia,2023,10,450,31.0,27
1906,Neuquén,Patagonia,2023,11,465,31.0,27
1907,Neuquén,Patagonia,2023,12,708,31.0,27
1908,Río Negro,Patagonia,2023,1,655,30355.0,281
1909,Río Negro,Patagonia,2023,2,177,30355.0,281
1910,Río Negro,Patagonia,2023,3,450,30355.0,281
1911,Río Negro,Patagonia,2023,4,198,30355.0,281
1912,Río Negro,Patagonia,2023,5,167,30355.0,281
1913,Río Negro,Patagonia,2023,6,117,30355.0,281
1914,Río Negro,Patagonia,2023,7,59,30355.0,281
1915,Río Negro,Patagonia,2023,8,336,30355.0,281
1916,Río Negro,Patagonia,2023,9,166,30355.0,281
1917,Río Negro,Patagonia,2023,10,199,30355.0,281
1918,Río Negro,Patagonia,2023,11,103,30355.0,281
1919,Río Negro,Patagonia,2023,12,242,30355.0,281
1920,Salta,NOA,2023,1,268,7012.0,130
1921,Salta,NOA,2023,2,221,7012.0,130
1922,Salta,NOA,2023,3,70,7012.0,130
1923,Salta,NOA,2023,4,48,7012.0,130
1924,Salta,NOA,2023,5,37,7012.0,130
1925,Salta,NOA,2023,6,64,7012.0,130
1926,Salta,NOA,2023,7,282,7012.0,130
1927,Salta,NOA,2023,8,1016,7012.0,130
1928,Salta,NOA,2023,9,1330,7012.0,130
1929,Salta,NOA,2023,10,1954,7012.0,130
1930,Salta,NOA,2023,11,1041,7012.0,130
1931,Salta,NOA,2023,12,258,7012.0,130
1932,San Juan,Centro,2023,1,44,4204.0,22
1933,San Juan,Centro,2023,2,28,4204.0,22
1934,San Juan,Centro,2023,3,36,4204.0,22
1935,San Juan,Centro,2023,4,27,4204.0,22
1936,San Juan,Centro,2023,5,32,4204.0,22
1937,San Juan,Centro,2023,6,34,4204.0,22
1938,San Juan,Centro,2023,7,57,4204.0,22
1939,San Juan,Centro,2023,8,225,4204.0,22
1940,San Juan,Centro,2023,9,127,4204.0,22
1941,San Juan,Centro,2023,10,165,4204.0,22
1942,San Juan,Centro,2023,11,283,4204.0,22
1943,San Juan,Centro,2023,12,165,4204.0,22
1944,San Luis,Centro,2023,1,894,129186.0,64
1945,San Luis,Centro,2023,2,40,129186.0,64
1946,San Luis,Centro,2023,3,217,129186.0,64
1947,San Luis,Centro,2023,4,26,129186.0,64
1948,San Luis,Centro,2023,5,42,129186.0,64
1949,San Luis,Centro,2023,6,31,129186.0,64
1950,San Luis,Centro,2023,7,30,129186.0,64
1951,San Luis,Centro,2023,8,709,129186.0,64
1952,San Luis,Centro,2023,9,313,129186.0,64
1953,San Luis,Centro,2023,10,943,129186.0,64
1954,San Luis,Centro,2023,11,304,129186.0,64
1955,San Luis,Centro,2023,12,77,129186.0,64
1956,Santa Cruz,Patagonia,2023,1,20,251.0,12
1957,Santa Cruz,Patagonia,2023,2,28,251.0,12
1958,Santa Cruz,Patagonia,2023,3,27,251.0,12
1959,Santa Cruz,Patagonia,2023,4,21,251.0,12
1960,Santa Cruz,Patagonia,2023,5,43,251.0,12
1961,Santa Cruz,Patagonia,2023,6,3,251.0,12
1962,Santa Cruz,Patagonia,2023,7,9,251.0,12
1963,Santa Cruz,Patagonia,2023,8,4,251.0,12
1964,Santa Cruz,Patagonia,2023,9,5,251.0,12
1965,Santa Cruz,Patagonia,2023,10,13,251.0,12
1966,Santa Cruz,Patagonia,2023,11,8,251.0,12
1967,Santa Cruz,Patagonia,2023,12,33,251.0,12
1968,Santa Fe,Norte,2023,1,1444,136.0,26
1969,Santa Fe,Norte,2023,2,1173,136.0,26
1970,Santa Fe,Norte,2023,3,876,136.0,26
1971,Santa Fe,Norte,2023,4,768,136.0,26
1972,Santa Fe,Norte,2023,5,850,136.0,26
1973,Santa Fe,Norte,2023,6,813,136.0,26
1974,Santa Fe,Norte,2023,7,1409,136.0,26
1975,Santa Fe,Norte,2023,8,4465,136.0,26
1976,Santa Fe,Norte,2023,9,1922,136.0,26
1977,Santa Fe,Norte,2023,10,1833,136.0,26
1978,Santa Fe,Norte,2023,11,723,136.0,26
1979,Santa Fe,Norte,2023,12,342,136.0,26
1980,Santiago del Estero,Norte,2023,1,438,4232.0,34
1981,Santiago del Estero,Norte,2023,2,168,4232.0,34
1982,Santiago del Estero,Norte,2023,3,273,4232.0,34
1983,Santiago del Estero,Norte,2023,4,107,4232.0,34
1984,Santiago del Estero,Norte,2023,5,213,4232.0,34
1985,Santiago del Estero,Norte,2023,6,269,4232.0,34
1986,Santiago del Estero,Norte,2023,7,1137,4232.0,34
1987,Santiago del Estero,Norte,2023,8,2756,4232.0,34
1988,Santiago del Estero,Norte,2023,9,1971,4232.0,34
1989,Santiago del Estero,Norte,2023,10,1693,4232.0,34
1990,Santiago del Estero,Norte,2023,11,477,4232.0,34
1991,Santiago del Estero,Norte,2023,12,209,4232.0,34
1992,Tierra del Fuego,Patagonia,2023,1,7,23.0,12
1993,Tierra del Fuego,Patagonia,2023,2,5,23.0,12
1994,Tierra del Fuego,Patagonia,2023,3,3,23.0,12
1995,Tierra del Fuego,Patagonia,2023,4,7,23.0,12
1996,Tierra del Fuego,Patagonia,2023,5,13,23.0,12
1997,Tierra del Fuego,Patagonia,2023,6,5,23.0,12
1998,Tierra del Fuego,Patagonia,2023,7,4,23.0,12
1999,Tierra del Fuego,Patagonia,2023,8,4,23.0,12
2000,Tierra del Fuego,Patagonia,2023,9,2,23.0,12
2001,Tierra del Fuego,Patagonia,2023,10,1,23.0,12
2002,Tierra del Fuego,Patagonia,2023,11,1,23.0,12
2003,Tierra del Fuego,Patagonia,2023,12,4,23.0,12
2004,Tucumán,NOA,2023,1,63,3426.0,392
2005,Tucumán,NOA,2023,2,28,3426.0,392
2006,Tucumán,NOA,2023,3,30,3426.0,392
2007,Tucumán,NOA,2023,4,10,3426.0,392
2008,Tucumán,NOA,2023,5,33,3426.0,392
2009,Tucumán,NOA,2023,6,150,3426.0,392
2010,Tucumán,NOA,2023,7,248,3426.0,392
2011,Tucumán,NOA,2023,8,803,3426.0,392
2012,Tucumán,NOA,2023,9,468,3426.0,392
2013,Tucumán,NOA,2023,10,618,3426.0,392
2014,Tucumán,NOA,2023,11,191,3426.0,392
2015,Tucumán,NOA,2023,12,8,3426.0,392
2016,Buenos Aires,Pampeana,2024,1,573,525.0,6
2017,Buenos Aires,Pampeana,2024,2,594,525.0,6
2018,Buenos Aires,Pampeana,2024,3,371,525.0,6
2019,Buenos Aires,Pampeana,2024,4,270,525.0,6
2020,Buenos Aires,Pampeana,2024,5,227,525.0,6
2021,Buenos Aires,Pampeana,2024,6,222,525.0,6
2022,Buenos Aires,Pampeana,2024,7,615,525.0,6
2023,Buenos Aires,Pampeana,2024,8,611,525.0,6
2024,Buenos Aires,Pampeana,2024,9,758,525.0,6
2025,Buenos Aires,Pampeana,2024,10,672,525.0,6
2026,Buenos Aires,Pampeana,2024,11,374,525.0,6
2027,Buenos Aires,Pampeana,2024,12,564,525.0,6
2028,Catamarca,NOA,2024,1,30,5488.78,197
2029,Catamarca,NOA,2024,2,12,5488.78,197
2030,Catamarca,NOA,2024,3,12,5488.78,197
2031,Catamarca,NOA,2024,4,58,5488.78,197
2032,Catamarca,NOA,2024,5,18,5488.78,197
2033,Catamarca,NOA,2024,6,22,5488.78,197
2034,Catamarca,NOA,2024,7,85,5488.78,197
2035,Catamarca,NOA,2024,8,119,5488.78,197
2036,Catamarca,NOA,2024,9,263,5488.78,197
2037,Catamarca,NOA,2024,10,71,5488.78,197
2038,Catamarca,NOA,2024,11,44,5488.78,197
2039,Catamarca,NOA,2024,12,36,5488.78,197
2040,Chaco,Norte,2024,1,362,0.0,0
2041,Chaco,Norte,2024,2,547,0.0,0
2042,Chaco,Norte,2024,3,922,0.0,0
2043,Chaco,Norte,2024,4,131,0.0,0
2044,Chaco,Norte,2024,5,318,0.0,0
2045,Chaco,Norte,2024,6,917,0.0,0
2046,Chaco,Norte,2024,7,2029,0.0,0
2047,Chaco,Norte,2024,8,5038,0.0,0
2048,Chaco,Norte,2024,9,4451,0.0,0
2049,Chaco,Norte,2024,10,1783,0.0,0
2050,Chaco,Norte,2024,11,674,0.0,0
2051,Chaco,Norte,2024,12,374,0.0,0
2052,Chubut,Patagonia,2024,1,414,10915.06,69
2053,Chubut,Patagonia,2024,2,399,10915.06,69
2054,Chubut,Patagonia,2024,3,13,10915.06,69
2055,Chubut,Patagonia,2024,4,11,10915.06,69
2056,Chubut,Patagonia,2024,5,1,10915.06,69
2057,Chubut,Patagonia,2024,6,1,10915.06,69
2058,Chubut,Patagonia,2024,7,4,10915.06,69
2059,Chubut,Patagonia,2024,8,7,10915.06,69
2060,Chubut,Patagonia,2024,9,2,10915.06,69
2061,Chubut,Patagonia,2024,10,25,10915.06,69
2062,Chubut,Patagonia,2024,11,2,10915.06,69
2063,Chubut,Patagonia,2024,12,2,10915.06,69
2064,CABA,Pampeana,2024,1,0,0.0,0
2065,CABA,Pampeana,2024,2,0,0.0,0
2066,CABA,Pampeana,2024,3,0,0.0,0
2067,CABA,Pampeana,2024,4,0,0.0,0
2068,CABA,Pampeana,2024,5,0,0.0,0
2069,CABA,Pampeana,2024,6,0,0.0,0
2070,CABA,Pampeana,2024,7,0,0.0,0
2071,CABA,Pampeana,2024,8,0,0.0,0
2072,CABA,Pampeana,2024,9,0,0.0,0
2073,CABA,Pampeana,2024,10,0,0.0,0
2074,CABA,Pampeana,2024,11,0,0.0,0
2075,CABA,Pampeana,2024,12,0,0.0,0
2076,Corrientes,NEA,2024,1,139,21350.99,773
2077,Corrientes,NEA,2024,2,344,21350.99,773
2078,Corrientes,NEA,2024,3,596,21350.99,773
2079,Corrientes,NEA,2024,4,269,21350.99,773
2080,Corrientes,NEA,2024,5,303,21350.99,773
2081,Corrientes,NEA,2024,6,1313,21350.99,773
2082,Corrientes,NEA,2024,7,2754,21350.99,773
2083,Corrientes,NEA,2024,8,3890,21350.99,773
2084,Corrientes,NEA,2024,9,2740,21350.99,773
2085,Corrientes,NEA,2024,10,992,21350.99,773
2086,Corrientes,NEA,2024,11,414,21350.99,773
2087,Corrientes,NEA,2024,12,339,21350.99,773
2088,Córdoba,Centro,2024,1,84,87091.3,52
2089,Córdoba,Centro,2024,2,66,87091.3,52
2090,Córdoba,Centro,2024,3,39,87091.3,52
2091,Córdoba,Centro,2024,4,57,87091.3,52
2092,Córdoba,Centro,2024,5,32,87091.3,52
2093,Córdoba,Centro,2024,6,48,87091.3,52
2094,Córdoba,Centro,2024,7,397,87091.3,52
2095,Córdoba,Centro,2024,8,375,87091.3,52
2096,Córdoba,Centro,2024,9,4076,87091.3,52
2097,Córdoba,Centro,2024,10,923,87091.3,52
2098,Córdoba,Centro,2024,11,237,87091.3,52
2099,Córdoba,Centro,2024,12,166,87091.3,52
2100,Entre Ríos,NEA,2024,1,76,442.0,5
2101,Entre Ríos,NEA,2024,2,112,442.0,5
2102,Entre Ríos,NEA,2024,3,136,442.0,5
2103,Entre Ríos,NEA,2024,4,35,442.0,5
2104,Entre Ríos,NEA,2024,5,105,442.0,5
2105,Entre Ríos,NEA,2024,6,193,442.0,5
2106,Entre Ríos,NEA,2024,7,573,442.0,5
2107,Entre Ríos,NEA,2024,8,643,442.0,5
2108,Entre Ríos,NEA,2024,9,807,442.0,5
2109,Entre Ríos,NEA,2024,10,321,442.0,5
2110,Entre Ríos,NEA,2024,11,109,442.0,5
2111,Entre Ríos,NEA,2024,12,125,442.0,5
2112,Formosa,Norte,2024,1,1182,15390.5,10
2113,Formosa,Norte,2024,2,1882,15390.5,10
2114,Formosa,Norte,2024,3,5795,15390.5,10
2115,Formosa,Norte,2024,4,299,15390.5,10
2116,Formosa,Norte,2024,5,76,15390.5,10
2117,Formosa,Norte,2024,6,862,15390.5,10
2118,Formosa,Norte,2024,7,1153,15390.5,10
2119,Formosa,Norte,2024,8,3217,15390.5,10
2120,Formosa,Norte,2024,9,5211,15390.5,10
2121,Formosa,Norte,2024,10,2418,15390.5,10
2122,Formosa,Norte,2024,11,840,15390.5,10
2123,Formosa,Norte,2024,12,168,15390.5,10
2124,Jujuy,NOA,2024,1,10,2059.27,462
2125,Jujuy,NOA,2024,2,30,2059.27,462
2126,Jujuy,NOA,2024,3,8,2059.27,462
2127,Jujuy,NOA,2024,4,5,2059.27,462
2128,Jujuy,NOA,2024,5,4,2059.27,462
2129,Jujuy,NOA,2024,6,42,2059.27,462
2130,Jujuy,NOA,2024,7,153,2059.27,462
2131,Jujuy,NOA,2024,8,249,2059.27,462
2132,Jujuy,NOA,2024,9,161,2059.27,462
2133,Jujuy,NOA,2024,10,168,2059.27,462
2134,Jujuy,NOA,2024,11,124,2059.27,462
2135,Jujuy,NOA,2024,12,45,2059.27,462
2136,La Pampa,Pampeana,2024,1,131,9040.9,46
2137,La Pampa,Pampeana,2024,2,538,9040.9,46
2138,La Pampa,Pampeana,2024,3,76,9040.9,46
2139,La Pampa,Pampeana,2024,4,45,9040.9,46
2140,La Pampa,Pampeana,2024,5,11,9040.9,46
2141,La Pampa,Pampeana,2024,6,15,9040.9,46
2142,La Pampa,Pampeana,2024,7,131,9040.9,46
2143,La Pampa,Pampeana,2024,8,427,9040.9,46
2144,La Pampa,Pampeana,2024,9,521,9040.9,46
2145,La Pampa,Pampeana,2024,10,88,9040.9,46
2146,La Pampa,Pampeana,2024,11,30,9040.9,46
2147,La Pampa,Pampeana,2024,12,140,9040.9,46
2148,La Rioja,Centro,2024,1,39,24335.5,5
2149,La Rioja,Centro,2024,2,25,24335.5,5
2150,La Rioja,Centro,2024,3,19,24335.5,5
2151,La Rioja,Centro,2024,4,21,24335.5,5
2152,La Rioja,Centro,2024,5,34,24335.5,5
2153,La Rioja,Centro,2024,6,43,24335.5,5
2154,La Rioja,Centro,2024,7,71,24335.5,5
2155,La Rioja,Centro,2024,8,1670,24335.5,5
2156,La Rioja,Centro,2024,9,116,24335.5,5
2157,La Rioja,Centro,2024,10,150,24335.5,5
2158,La Rioja,Centro,2024,11,42,24335.5,5
2159,La Rioja,Centro,2024,12,47,24335.5,5
2160,Mendoza,Pampeana,2024,1,43,11286.8,40
2161,Mendoza,Pampeana,2024,2,47,11286.8,40
2162,Mendoza,Pampeana,2024,3,63,11286.8,40
2163,Mendoza,Pampeana,2024,4,103,11286.8,40
2164,Mendoza,Pampeana,2024,5,75,11286.8,40
2165,Mendoza,Pampeana,2024,6,87,11286.8,40
2166,Mendoza,Pampeana,2024,7,472,11286.8,40
2167,Mendoza,Pampeana,2024,8,235,11286.8,40
2168,Mendoza,Pampeana,2024,9,281,11286.8,40
2169,Mendoza,Pampeana,2024,10,159,11286.8,40
2170,Mendoza,Pampeana,2024,11,105,11286.8,40
2171,Mendoza,Pampeana,2024,12,147,11286.8,40
2172,Misiones,NEA,2024,1,134,107.0,10
2173,Misiones,NEA,2024,2,145,107.0,10
2174,Misiones,NEA,2024,3,255,107.0,10
2175,Misiones,NEA,2024,4,194,107.0,10
2176,Misiones,NEA,2024,5,31,107.0,10
2177,Misiones,NEA,2024,6,725,107.0,10
2178,Misiones,NEA,2024,7,667,107.0,10
2179,Misiones,NEA,2024,8,1441,107.0,10
2180,Misiones,NEA,2024,9,632,107.0,10
2181,Misiones,NEA,2024,10,249,107.0,10
2182,Misiones,NEA,2024,11,128,107.0,10
2183,Misiones,NEA,2024,12,151,107.0,10
2184,Neuquén,Patagonia,2024,1,590,3141.3,60
2185,Neuquén,Patagonia,2024,2,528,3141.3,60
2186,Neuquén,Patagonia,2024,3,720,3141.3,60
2187,Neuquén,Patagonia,2024,4,379,3141.3,60
2188,Neuquén,Patagonia,2024,5,348,3141.3,60
2189,Neuquén,Patagonia,2024,6,241,3141.3,60
2190,Neuquén,Patagonia,2024,7,607,3141.3,60
2191,Neuquén,Patagonia,2024,8,442,3141.3,60
2192,Neuquén,Patagonia,2024,9,464,3141.3,60
2193,Neuquén,Patagonia,2024,10,660,3141.3,60
2194,Neuquén,Patagonia,2024,11,406,3141.3,60
2195,Neuquén,Patagonia,2024,12,689,3141.3,60
2196,Río Negro,Patagonia,2024,1,98,17048.8,79
2197,Río Negro,Patagonia,2024,2,114,17048.8,79
2198,Río Negro,Patagonia,2024,3,108,17048.8,79
2199,Río Negro,Patagonia,2024,4,35,17048.8,79
2200,Río Negro,Patagonia,2024,5,52,17048.8,79
2201,Río Negro,Patagonia,2024,6,31,17048.8,79
2202,Río Negro,Patagonia,2024,7,209,17048.8,79
2203,Río Negro,Patagonia,2024,8,213,17048.8,79
2204,Río Negro,Patagonia,2024,9,269,17048.8,79
2205,Río Negro,Patagonia,2024,10,119,17048.8,79
2206,Río Negro,Patagonia,2024,11,80,17048.8,79
2207,Río Negro,Patagonia,2024,12,318,17048.8,79
2208,Salta,NOA,2024,1,202,11251.78,298
2209,Salta,NOA,2024,2,182,11251.78,298
2210,Salta,NOA,2024,3,139,11251.78,298
2211,Salta,NOA,2024,4,36,11251.78,298
2212,Salta,NOA,2024,5,31,11251.78,298
2213,Salta,NOA,2024,6,118,11251.78,298
2214,Salta,NOA,2024,7,600,11251.78,298
2215,Salta,NOA,2024,8,1154,11251.78,298
2216,Salta,NOA,2024,9,1372,11251.78,298
2217,Salta,NOA,2024,10,1360,11251.78,298
2218,Salta,NOA,2024,11,238,11251.78,298
2219,Salta,NOA,2024,12,209,11251.78,298
2220,San Juan,Centro,2024,1,156,1087.74,61
2221,San Juan,Centro,2024,2,24,1087.74,61
2222,San Juan,Centro,2024,3,44,1087.74,61
2223,San Juan,Centro,2024,4,55,1087.74,61
2224,San Juan,Centro,2024,5,31,1087.74,61
2225,San Juan,Centro,2024,6,63,1087.74,61
2226,San Juan,Centro,2024,7,83,1087.74,61
2227,San Juan,Centro,2024,8,107,1087.74,61
2228,San Juan,Centro,2024,9,296,1087.74,61
2229,San Juan,Centro,2024,10,92,1087.74,61
2230,San Juan,Centro,2024,11,72,1087.74,61
2231,San Juan,Centro,2024,12,198,1087.74,61
2232,San Luis,Centro,2024,1,72,70685.53,55
2233,San Luis,Centro,2024,2,48,70685.53,55
2234,San Luis,Centro,2024,3,52,70685.53,55
2235,San Luis,Centro,2024,4,22,70685.53,55
2236,San Luis,Centro,2024,5,24,70685.53,55
2237,San Luis,Centro,2024,6,14,70685.53,55
2238,San Luis,Centro,2024,7,240,70685.53,55
2239,San Luis,Centro,2024,8,137,70685.53,55
2240,San Luis,Centro,2024,9,2732,70685.53,55
2241,San Luis,Centro,2024,10,367,70685.53,55
2242,San Luis,Centro,2024,11,113,70685.53,55
2243,San Luis,Centro,2024,12,134,70685.53,55
2244,Santa Cruz,Patagonia,2024,1,157,2.1,6
2245,Santa Cruz,Patagonia,2024,2,95,2.1,6
2246,Santa Cruz,Patagonia,2024,3,18,2.1,6
2247,Santa Cruz,Patagonia,2024,4,23,2.1,6
2248,Santa Cruz,Patagonia,2024,5,6,2.1,6
2249,Santa Cruz,Patagonia,2024,6,2,2.1,6
2250,Santa Cruz,Patagonia,2024,7,6,2.1,6
2251,Santa Cruz,Patagonia,2024,8,5,2.1,6
2252,Santa Cruz,Patagonia,2024,9,3,2.1,6
2253,Santa Cruz,Patagonia,2024,10,10,2.1,6
2254,Santa Cruz,Patagonia,2024,11,10,2.1,6
2255,Santa Cruz,Patagonia,2024,12,16,2.1,6
2256,Santa Fe,Norte,2024,1,381,0.0,3
2257,Santa Fe,Norte,2024,2,456,0.0,3
2258,Santa Fe,Norte,2024,3,372,0.0,3
2259,Santa Fe,Norte,2024,4,198,0.0,3
2260,Santa Fe,Norte,2024,5,299,0.0,3
2261,Santa Fe,Norte,2024,6,716,0.0,3
2262,Santa Fe,Norte,2024,7,2307,0.0,3
2263,Santa Fe,Norte,2024,8,6149,0.0,3
2264,Santa Fe,Norte,2024,9,6805,0.0,3
2265,Santa Fe,Norte,2024,10,3912,0.0,3
2266,Santa Fe,Norte,2024,11,1377,0.0,3
2267,Santa Fe,Norte,2024,12,1211,0.0,3
2268,Santiago del Estero,Norte,2024,1,380,42.0,10
2269,Santiago del Estero,Norte,2024,2,381,42.0,10
2270,Santiago del Estero,Norte,2024,3,261,42.0,10
2271,Santiago del Estero,Norte,2024,4,96,42.0,10
2272,Santiago del Estero,Norte,2024,5,183,42.0,10
2273,Santiago del Estero,Norte,2024,6,323,42.0,10
2274,Santiago del Estero,Norte,2024,7,917,42.0,10
2275,Santiago del Estero,Norte,2024,8,3351,42.0,10
2276,Santiago del Estero,Norte,2024,9,3075,42.0,10
2277,Santiago del Estero,Norte,2024,10,1557,42.0,10
2278,Santiago del Estero,Norte,2024,11,514,42.0,10
2279,Santiago del Estero,Norte,2024,12,559,42.0,10
2280,Tierra del Fuego,Patagonia,2024,1,4,61.97,14
2281,Tierra del Fuego,Patagonia,2024,2,0,61.97,14
2282,Tierra del Fuego,Patagonia,2024,3,3,61.97,14
2283,Tierra del Fuego,Patagonia,2024,4,0,61.97,14
2284,Tierra del Fuego,Patagonia,2024,5,1,61.97,14
2285,Tierra del Fuego,Patagonia,2024,6,4,61.97,14
2286,Tierra del Fuego,Patagonia,2024,7,7,61.97,14
2287,Tierra del Fuego,Patagonia,2024,8,1,61.97,14
2288,Tierra del Fuego,Patagonia,2024,9,0,61.97,14
2289,Tierra del Fuego,Patagonia,2024,10,3,61.97,14
2290,Tierra del Fuego,Patagonia,2024,11,0,61.97,14
2291,Tierra del Fuego,Patagonia,2024,12,2,61.97,14
2292,Tucumán,NOA,2024,1,40,14908.62,474
2293,Tucumán,NOA,2024,2,9,14908.62,474
2294,Tucumán,NOA,2024,3,5,14908.62,474
2295,Tucumán,NOA,2024,4,8,14908.62,474
2296,Tucumán,NOA,2024,5,8,14908.62,474
2297,Tucumán,NOA,2024,6,148,14908.62,474
2298,Tucumán,NOA,2024,7,675,14908.62,474
2299,Tucumán,NOA,2024,8,1248,14908.62,474
2300,Tucumán,NOA,2024,9,1113,14908.62,474
2301,Tucumán,NOA,2024,10,390,14908.62,474
2302,Tucumán,NOA,2024,11,69,14908.62,474
2303,Tucumán,NOA,2024,12,101,14908.62,474
